/*
SQLyog 企业版 - MySQL GUI v8.14 
MySQL - 5.5.28 : Database - shipdata
*********************************************************************
*/

/*!40101 SET NAMES utf8 */;

/*!40101 SET SQL_MODE=''*/;

/*!40014 SET @OLD_UNIQUE_CHECKS=@@UNIQUE_CHECKS, UNIQUE_CHECKS=0 */;
/*!40014 SET @OLD_FOREIGN_KEY_CHECKS=@@FOREIGN_KEY_CHECKS, FOREIGN_KEY_CHECKS=0 */;
/*!40101 SET @OLD_SQL_MODE=@@SQL_MODE, SQL_MODE='NO_AUTO_VALUE_ON_ZERO' */;
/*!40111 SET @OLD_SQL_NOTES=@@SQL_NOTES, SQL_NOTES=0 */;
CREATE DATABASE /*!32312 IF NOT EXISTS*/`shipdata` /*!40100 DEFAULT CHARACTER SET utf8 */;

USE `shipdata`;

/*Table structure for table `batch_job_execution` */

DROP TABLE IF EXISTS `batch_job_execution`;

CREATE TABLE `batch_job_execution` (
  `JOB_EXECUTION_ID` bigint(20) NOT NULL,
  `VERSION` bigint(20) DEFAULT NULL,
  `JOB_INSTANCE_ID` bigint(20) NOT NULL,
  `CREATE_TIME` datetime NOT NULL,
  `START_TIME` datetime DEFAULT NULL,
  `END_TIME` datetime DEFAULT NULL,
  `STATUS` varchar(10) DEFAULT NULL,
  `EXIT_CODE` varchar(2500) DEFAULT NULL,
  `EXIT_MESSAGE` varchar(2500) DEFAULT NULL,
  `LAST_UPDATED` datetime DEFAULT NULL,
  `JOB_CONFIGURATION_LOCATION` varchar(2500) DEFAULT NULL,
  PRIMARY KEY (`JOB_EXECUTION_ID`),
  KEY `JOB_INST_EXEC_FK` (`JOB_INSTANCE_ID`),
  CONSTRAINT `JOB_INST_EXEC_FK` FOREIGN KEY (`JOB_INSTANCE_ID`) REFERENCES `batch_job_instance` (`JOB_INSTANCE_ID`)
) ENGINE=InnoDB DEFAULT CHARSET=utf8;

/*Data for the table `batch_job_execution` */

insert  into `batch_job_execution`(`JOB_EXECUTION_ID`,`VERSION`,`JOB_INSTANCE_ID`,`CREATE_TIME`,`START_TIME`,`END_TIME`,`STATUS`,`EXIT_CODE`,`EXIT_MESSAGE`,`LAST_UPDATED`,`JOB_CONFIGURATION_LOCATION`) values (1,2,1,'2017-10-26 17:53:05','2017-10-26 17:53:05','2017-10-26 17:53:05','FAILED','FAILED','','2017-10-26 17:53:05',NULL),(2,2,1,'2017-10-26 17:54:10','2017-10-26 17:54:10','2017-10-26 17:54:10','FAILED','FAILED','','2017-10-26 17:54:10',NULL),(3,2,1,'2017-10-26 17:55:00','2017-10-26 17:55:00','2017-10-26 17:55:01','FAILED','FAILED','','2017-10-26 17:55:01',NULL),(4,2,1,'2017-10-26 17:55:41','2017-10-26 17:55:41','2017-10-26 17:55:41','FAILED','FAILED','','2017-10-26 17:55:41',NULL),(5,2,1,'2017-10-26 18:02:04','2017-10-26 18:02:04','2017-10-26 18:02:04','FAILED','FAILED','','2017-10-26 18:02:04',NULL),(6,2,1,'2017-10-26 21:22:00','2017-10-26 21:22:00','2017-10-26 21:22:04','COMPLETED','COMPLETED','','2017-10-26 21:22:04',NULL),(7,2,2,'2017-10-26 22:43:39','2017-10-26 22:43:39','2017-10-26 22:43:43','COMPLETED','COMPLETED','','2017-10-26 22:43:43',NULL),(8,2,3,'2017-10-26 22:59:41','2017-10-26 22:59:41','2017-10-26 22:59:45','COMPLETED','COMPLETED','','2017-10-26 22:59:45',NULL),(9,2,4,'2017-10-27 00:10:58','2017-10-27 00:10:58','2017-10-27 00:11:03','COMPLETED','COMPLETED','','2017-10-27 00:11:03',NULL),(10,2,5,'2017-10-27 09:57:33','2017-10-27 09:57:33','2017-10-27 09:57:38','COMPLETED','COMPLETED','','2017-10-27 09:57:38',NULL),(11,2,6,'2017-10-27 10:27:21','2017-10-27 10:27:21','2017-10-27 10:27:25','COMPLETED','COMPLETED','','2017-10-27 10:27:25',NULL),(12,2,7,'2017-10-27 10:30:37','2017-10-27 10:30:38','2017-10-27 10:30:42','COMPLETED','COMPLETED','','2017-10-27 10:30:42',NULL),(13,2,8,'2017-10-27 16:21:48','2017-10-27 16:21:48','2017-10-27 16:21:48','FAILED','FAILED','','2017-10-27 16:21:48',NULL),(14,2,8,'2017-10-27 16:23:06','2017-10-27 16:23:06','2017-10-27 16:23:06','FAILED','FAILED','','2017-10-27 16:23:06',NULL),(15,2,8,'2017-10-27 16:30:28','2017-10-27 16:30:28','2017-10-27 16:30:28','FAILED','FAILED','','2017-10-27 16:30:28',NULL),(16,2,8,'2017-10-27 16:30:38','2017-10-27 16:30:38','2017-10-27 16:30:38','FAILED','FAILED','','2017-10-27 16:30:38',NULL),(17,2,8,'2017-10-27 16:34:26','2017-10-27 16:34:26','2017-10-27 16:34:27','COMPLETED','COMPLETED','','2017-10-27 16:34:27',NULL),(18,2,8,'2017-10-27 18:28:42','2017-10-27 18:28:42','2017-10-27 18:28:42','COMPLETED','NOOP','All steps already completed or no steps configured for this job.','2017-10-27 18:28:42',NULL),(19,2,8,'2017-10-27 18:29:35','2017-10-27 18:29:35','2017-10-27 18:29:35','COMPLETED','NOOP','All steps already completed or no steps configured for this job.','2017-10-27 18:29:35',NULL),(20,2,8,'2017-10-27 18:30:02','2017-10-27 18:30:02','2017-10-27 18:30:03','COMPLETED','NOOP','All steps already completed or no steps configured for this job.','2017-10-27 18:30:03',NULL),(21,2,8,'2017-10-27 18:31:28','2017-10-27 18:31:28','2017-10-27 18:31:28','COMPLETED','NOOP','All steps already completed or no steps configured for this job.','2017-10-27 18:31:28',NULL),(22,2,9,'2017-10-27 18:34:07','2017-10-27 18:34:07','2017-10-27 18:34:08','COMPLETED','COMPLETED','','2017-10-27 18:34:08',NULL),(23,2,10,'2017-10-27 22:17:13','2017-10-27 22:17:13','2017-10-27 22:17:14','COMPLETED','COMPLETED','','2017-10-27 22:17:14',NULL),(24,2,11,'2017-10-27 22:18:33','2017-10-27 22:18:33','2017-10-27 22:18:34','COMPLETED','COMPLETED','','2017-10-27 22:18:34',NULL),(25,2,12,'2017-10-27 22:21:47','2017-10-27 22:21:47','2017-10-27 22:21:48','COMPLETED','COMPLETED','','2017-10-27 22:21:48',NULL),(26,2,13,'2017-10-27 22:22:13','2017-10-27 22:22:13','2017-10-27 22:22:14','COMPLETED','COMPLETED','','2017-10-27 22:22:14',NULL),(27,2,14,'2017-10-27 22:47:38','2017-10-27 22:47:38','2017-10-27 22:47:39','COMPLETED','COMPLETED','','2017-10-27 22:47:39',NULL),(28,2,15,'2017-10-27 22:49:14','2017-10-27 22:49:14','2017-10-27 22:49:15','COMPLETED','COMPLETED','','2017-10-27 22:51:01',NULL),(29,2,16,'2017-10-27 22:51:45','2017-10-27 22:51:45','2017-10-27 22:51:46','COMPLETED','COMPLETED','','2017-10-27 22:51:46',NULL),(30,2,17,'2017-10-27 23:00:17','2017-10-27 23:00:17','2017-10-27 23:00:17','COMPLETED','COMPLETED','','2017-10-27 23:00:17',NULL),(31,2,18,'2017-10-27 23:03:03','2017-10-27 23:03:03','2017-10-27 23:03:04','COMPLETED','COMPLETED','','2017-10-27 23:06:49',NULL),(32,2,19,'2017-10-27 23:14:21','2017-10-27 23:14:21','2017-10-27 23:14:22','COMPLETED','COMPLETED','','2017-10-27 23:14:22',NULL),(33,2,20,'2017-10-27 23:18:35','2017-10-27 23:18:35','2017-10-27 23:18:36','COMPLETED','COMPLETED','','2017-10-27 23:18:36',NULL),(34,2,21,'2017-10-28 00:06:38','2017-10-28 00:06:38','2017-10-28 00:06:39','COMPLETED','COMPLETED','','2017-10-28 00:06:39',NULL),(35,2,22,'2017-10-28 00:09:29','2017-10-28 00:09:29','2017-10-28 00:09:30','COMPLETED','COMPLETED','','2017-10-28 00:09:30',NULL),(36,2,23,'2017-10-28 00:19:39','2017-10-28 00:19:39','2017-10-28 00:19:40','COMPLETED','COMPLETED','','2017-10-28 00:19:40',NULL),(37,2,24,'2017-10-28 00:21:58','2017-10-28 00:21:58','2017-10-28 00:21:59','COMPLETED','COMPLETED','','2017-10-28 00:23:28',NULL),(38,2,25,'2017-10-28 00:26:44','2017-10-28 00:26:44','2017-10-28 00:26:45','COMPLETED','COMPLETED','','2017-10-28 00:34:34',NULL),(39,2,26,'2017-10-28 00:35:34','2017-10-28 00:35:34','2017-10-28 00:35:35','COMPLETED','COMPLETED','','2017-10-28 00:41:40',NULL),(40,2,27,'2017-10-28 00:43:00','2017-10-28 00:43:00','2017-10-28 00:43:01','COMPLETED','COMPLETED','','2017-10-28 00:44:17',NULL),(41,2,28,'2017-10-28 00:56:41','2017-10-28 00:56:41','2017-10-28 00:56:43','COMPLETED','COMPLETED','','2017-10-28 00:57:35',NULL),(42,2,29,'2017-10-28 00:58:07','2017-10-28 00:58:07','2017-10-28 00:58:07','COMPLETED','COMPLETED','','2017-10-28 00:58:39',NULL),(43,2,30,'2017-10-28 01:14:14','2017-10-28 01:14:14','2017-10-28 01:14:16','COMPLETED','COMPLETED','','2017-10-28 01:14:16',NULL),(44,2,31,'2017-10-28 01:14:57','2017-10-28 01:14:57','2017-10-28 01:14:57','COMPLETED','COMPLETED','','2017-10-28 01:14:57',NULL),(45,2,32,'2017-10-28 01:22:04','2017-10-28 01:22:04','2017-10-28 01:22:05','COMPLETED','COMPLETED','','2017-10-28 01:22:06',NULL),(46,2,33,'2017-10-28 01:22:43','2017-10-28 01:22:43','2017-10-28 01:22:43','COMPLETED','COMPLETED','','2017-10-28 01:22:43',NULL),(47,2,34,'2017-10-28 09:38:25','2017-10-28 09:38:25','2017-10-28 09:38:26','COMPLETED','COMPLETED','','2017-10-28 09:38:26',NULL),(48,2,35,'2017-10-28 09:55:13','2017-10-28 09:55:13','2017-10-28 09:55:14','COMPLETED','COMPLETED','','2017-10-28 09:55:15',NULL),(49,2,36,'2017-10-28 09:57:28','2017-10-28 09:57:28','2017-10-28 09:57:28','COMPLETED','COMPLETED','','2017-10-28 09:57:28',NULL),(50,2,37,'2017-10-29 01:42:49','2017-10-29 01:42:49','2017-10-29 01:42:49','COMPLETED','COMPLETED','','2017-10-29 01:42:49',NULL),(51,2,38,'2017-10-29 10:49:34','2017-10-29 10:49:34','2017-10-29 10:49:36','COMPLETED','COMPLETED','','2017-10-29 10:49:36',NULL),(52,2,39,'2017-10-29 10:49:54','2017-10-29 10:49:54','2017-10-29 10:49:54','COMPLETED','COMPLETED','','2017-10-29 10:49:54',NULL),(53,2,40,'2017-11-19 16:56:30','2017-11-19 16:56:30','2017-11-19 16:56:30','COMPLETED','COMPLETED','','2017-11-19 16:56:30',NULL),(54,2,41,'2017-11-19 17:11:04','2017-11-19 17:11:04','2017-11-19 17:11:05','COMPLETED','COMPLETED','','2017-11-19 17:11:06',NULL),(55,2,42,'2017-11-19 17:17:42','2017-11-19 17:17:42','2017-11-19 17:17:43','COMPLETED','COMPLETED','','2017-11-19 17:17:44',NULL),(56,2,43,'2017-12-02 16:45:23','2017-12-02 16:45:23','2017-12-02 16:45:29','COMPLETED','COMPLETED','','2017-12-02 16:45:34',NULL),(57,1,44,'2017-12-02 16:52:53','2017-12-02 16:52:53',NULL,'STARTED','UNKNOWN','','2017-12-02 16:52:53',NULL),(58,2,45,'2017-12-02 17:02:05','2017-12-02 17:02:05','2017-12-02 17:02:06','COMPLETED','COMPLETED','','2017-12-02 17:02:07',NULL),(59,2,46,'2017-12-04 22:46:55','2017-12-04 22:46:55','2017-12-04 22:46:56','COMPLETED','COMPLETED','','2017-12-04 22:46:57',NULL),(60,2,47,'2017-12-06 15:32:27','2017-12-06 15:32:27','2017-12-06 15:32:28','FAILED','FAILED','','2017-12-06 15:32:28',NULL);

/*Table structure for table `batch_job_execution_context` */

DROP TABLE IF EXISTS `batch_job_execution_context`;

CREATE TABLE `batch_job_execution_context` (
  `JOB_EXECUTION_ID` bigint(20) NOT NULL,
  `SHORT_CONTEXT` varchar(2500) NOT NULL,
  `SERIALIZED_CONTEXT` text,
  PRIMARY KEY (`JOB_EXECUTION_ID`),
  CONSTRAINT `JOB_EXEC_CTX_FK` FOREIGN KEY (`JOB_EXECUTION_ID`) REFERENCES `batch_job_execution` (`JOB_EXECUTION_ID`)
) ENGINE=InnoDB DEFAULT CHARSET=utf8;

/*Data for the table `batch_job_execution_context` */

insert  into `batch_job_execution_context`(`JOB_EXECUTION_ID`,`SHORT_CONTEXT`,`SERIALIZED_CONTEXT`) values (1,'{\"map\":[\"\"]}',NULL),(2,'{\"map\":[\"\"]}',NULL),(3,'{\"map\":[\"\"]}',NULL),(4,'{\"map\":[\"\"]}',NULL),(5,'{\"map\":[\"\"]}',NULL),(6,'{\"map\":[\"\"]}',NULL),(7,'{\"map\":[\"\"]}',NULL),(8,'{\"map\":[\"\"]}',NULL),(9,'{\"map\":[\"\"]}',NULL),(10,'{\"map\":[\"\"]}',NULL),(11,'{\"map\":[\"\"]}',NULL),(12,'{\"map\":[\"\"]}',NULL),(13,'{\"map\":[\"\"]}',NULL),(14,'{\"map\":[\"\"]}',NULL),(15,'{\"map\":[\"\"]}',NULL),(16,'{\"map\":[\"\"]}',NULL),(17,'{\"map\":[\"\"]}',NULL),(18,'{\"map\":[\"\"]}',NULL),(19,'{\"map\":[\"\"]}',NULL),(20,'{\"map\":[\"\"]}',NULL),(21,'{\"map\":[\"\"]}',NULL),(22,'{\"map\":[\"\"]}',NULL),(23,'{\"map\":[\"\"]}',NULL),(24,'{\"map\":[\"\"]}',NULL),(25,'{\"map\":[\"\"]}',NULL),(26,'{\"map\":[\"\"]}',NULL),(27,'{\"map\":[\"\"]}',NULL),(28,'{\"map\":[\"\"]}',NULL),(29,'{\"map\":[\"\"]}',NULL),(30,'{\"map\":[\"\"]}',NULL),(31,'{\"map\":[\"\"]}',NULL),(32,'{\"map\":[\"\"]}',NULL),(33,'{\"map\":[\"\"]}',NULL),(34,'{\"map\":[\"\"]}',NULL),(35,'{\"map\":[\"\"]}',NULL),(36,'{\"map\":[\"\"]}',NULL),(37,'{\"map\":[\"\"]}',NULL),(38,'{\"map\":[\"\"]}',NULL),(39,'{\"map\":[\"\"]}',NULL),(40,'{\"map\":[\"\"]}',NULL),(41,'{\"map\":[\"\"]}',NULL),(42,'{\"map\":[\"\"]}',NULL),(43,'{\"map\":[\"\"]}',NULL),(44,'{\"map\":[\"\"]}',NULL),(45,'{\"map\":[\"\"]}',NULL),(46,'{\"map\":[\"\"]}',NULL),(47,'{\"map\":[\"\"]}',NULL),(48,'{\"map\":[\"\"]}',NULL),(49,'{\"map\":[\"\"]}',NULL),(50,'{\"map\":[\"\"]}',NULL),(51,'{\"map\":[\"\"]}',NULL),(52,'{\"map\":[\"\"]}',NULL),(53,'{\"map\":[\"\"]}',NULL),(54,'{\"map\":[\"\"]}',NULL),(55,'{\"map\":[\"\"]}',NULL),(56,'{\"map\":[\"\"]}',NULL),(57,'{\"map\":[\"\"]}',NULL),(58,'{\"map\":[\"\"]}',NULL),(59,'{\"map\":[\"\"]}',NULL),(60,'{\"map\":[\"\"]}',NULL);

/*Table structure for table `batch_job_execution_params` */

DROP TABLE IF EXISTS `batch_job_execution_params`;

CREATE TABLE `batch_job_execution_params` (
  `JOB_EXECUTION_ID` bigint(20) NOT NULL,
  `TYPE_CD` varchar(6) NOT NULL,
  `KEY_NAME` varchar(100) NOT NULL,
  `STRING_VAL` varchar(250) DEFAULT NULL,
  `DATE_VAL` datetime DEFAULT NULL,
  `LONG_VAL` bigint(20) DEFAULT NULL,
  `DOUBLE_VAL` double DEFAULT NULL,
  `IDENTIFYING` char(1) NOT NULL,
  KEY `JOB_EXEC_PARAMS_FK` (`JOB_EXECUTION_ID`),
  CONSTRAINT `JOB_EXEC_PARAMS_FK` FOREIGN KEY (`JOB_EXECUTION_ID`) REFERENCES `batch_job_execution` (`JOB_EXECUTION_ID`)
) ENGINE=InnoDB DEFAULT CHARSET=utf8;

/*Data for the table `batch_job_execution_params` */

insert  into `batch_job_execution_params`(`JOB_EXECUTION_ID`,`TYPE_CD`,`KEY_NAME`,`STRING_VAL`,`DATE_VAL`,`LONG_VAL`,`DOUBLE_VAL`,`IDENTIFYING`) values (1,'LONG','run.id','','1970-01-01 08:00:00',1,0,'Y'),(2,'LONG','run.id','','1970-01-01 08:00:00',1,0,'Y'),(3,'LONG','run.id','','1970-01-01 08:00:00',1,0,'Y'),(4,'LONG','run.id','','1970-01-01 08:00:00',1,0,'Y'),(5,'LONG','run.id','','1970-01-01 08:00:00',1,0,'Y'),(6,'LONG','run.id','','1970-01-01 08:00:00',1,0,'Y'),(7,'LONG','run.id','','1970-01-01 08:00:00',2,0,'Y'),(8,'LONG','run.id','','1970-01-01 08:00:00',3,0,'Y'),(9,'LONG','run.id','','1970-01-01 08:00:00',4,0,'Y'),(10,'LONG','run.id','','1970-01-01 08:00:00',5,0,'Y'),(11,'LONG','run.id','','1970-01-01 08:00:00',6,0,'Y'),(12,'LONG','run.id','','1970-01-01 08:00:00',7,0,'Y'),(22,'DATE','date','','2017-10-27 18:34:07',0,0,'Y'),(23,'DATE','date','','2017-10-27 22:17:13',0,0,'Y'),(24,'DATE','date','','2017-10-27 22:18:33',0,0,'Y'),(25,'DATE','date','','2017-10-27 22:21:47',0,0,'Y'),(26,'DATE','date','','2017-10-27 22:22:13',0,0,'Y'),(27,'STRING','roundId','cuiidzj6','1970-01-01 08:00:00',0,0,'Y'),(27,'STRING','fileName','/Users/hecun/JavaProjects/work/fudan/code/shipdata/shipdata-service/src/main/resources/data_files/2017-10-27T08:20:14.568Z215.txt','1970-01-01 08:00:00',0,0,'Y'),(27,'DATE','date','','2017-10-27 22:47:38',0,0,'Y'),(28,'STRING','roundId','mSUR7xHU','1970-01-01 08:00:00',0,0,'Y'),(28,'STRING','fileName','/Users/hecun/JavaProjects/work/fudan/code/shipdata/shipdata-service/src/main/resources/data_files/2017-10-27T08:20:14.568Z215.txt','1970-01-01 08:00:00',0,0,'Y'),(28,'DATE','date','','2017-10-27 22:49:14',0,0,'Y'),(29,'STRING','roundId','Xv6pPqlg','1970-01-01 08:00:00',0,0,'Y'),(29,'STRING','fileName','/Users/hecun/JavaProjects/work/fudan/code/shipdata/shipdata-service/src/main/resources/data_files/2017-10-27T08:20:14.568Z215.txt','1970-01-01 08:00:00',0,0,'Y'),(29,'DATE','date','','2017-10-27 22:51:45',0,0,'Y'),(30,'STRING','roundId','EBTnWw06','1970-01-01 08:00:00',0,0,'Y'),(30,'STRING','shipNumber','01','1970-01-01 08:00:00',0,0,'Y'),(30,'DATE','date','','2017-10-27 23:00:17',0,0,'Y'),(31,'STRING','roundId','oDYgoTzW','1970-01-01 08:00:00',0,0,'Y'),(31,'STRING','shipNumber','01','1970-01-01 08:00:00',0,0,'Y'),(31,'DATE','date','','2017-10-27 23:03:03',0,0,'Y'),(32,'STRING','roundId','BqnQLVg1','1970-01-01 08:00:00',0,0,'Y'),(32,'STRING','shipNumber','01','1970-01-01 08:00:00',0,0,'Y'),(32,'DATE','date','','2017-10-27 23:14:21',0,0,'Y'),(33,'STRING','roundId','0S2QtNhd','1970-01-01 08:00:00',0,0,'Y'),(33,'STRING','shipNumber','06','1970-01-01 08:00:00',0,0,'Y'),(33,'DATE','date','','2017-10-27 23:18:35',0,0,'Y'),(34,'STRING','roundId','qPVWkb8F','1970-01-01 08:00:00',0,0,'Y'),(34,'STRING','shipNumber','06','1970-01-01 08:00:00',0,0,'Y'),(34,'STRING','fileName','/Users/hecun/JavaProjects/work/fudan/code/shipdata/shipdata-service/src/main/resources/data_files/2017-10-27T16:06:23.595Z331.txt','1970-01-01 08:00:00',0,0,'Y'),(34,'DATE','date','','2017-10-28 00:06:38',0,0,'Y'),(35,'STRING','roundId','zqSHL48s','1970-01-01 08:00:00',0,0,'Y'),(35,'STRING','shipNumber','01','1970-01-01 08:00:00',0,0,'Y'),(35,'STRING','fileName','/Users/hecun/JavaProjects/work/fudan/code/shipdata/shipdata-service/src/main/resources/data_files/2017-10-27T16:09:17.260Z590.txt','1970-01-01 08:00:00',0,0,'Y'),(35,'DATE','date','','2017-10-28 00:09:29',0,0,'Y'),(36,'STRING','roundId','jElElCHd','1970-01-01 08:00:00',0,0,'Y'),(36,'STRING','shipNumber','06','1970-01-01 08:00:00',0,0,'Y'),(36,'STRING','fileName','/Users/hecun/JavaProjects/work/fudan/code/shipdata/shipdata-service/src/main/resources/data_files/2017-10-27T16:19:20.083Z951.txt','1970-01-01 08:00:00',0,0,'Y'),(36,'DATE','date','','2017-10-28 00:19:39',0,0,'Y'),(37,'STRING','roundId','b7WwZLmX','1970-01-01 08:00:00',0,0,'Y'),(37,'STRING','shipNumber','06','1970-01-01 08:00:00',0,0,'Y'),(37,'STRING','fileName','/Users/hecun/JavaProjects/work/fudan/code/shipdata/shipdata-service/src/main/resources/data_files/2017-10-27T16:21:43.677Z400.txt','1970-01-01 08:00:00',0,0,'Y'),(37,'DATE','date','','2017-10-28 00:21:58',0,0,'Y'),(38,'STRING','roundId','L0NH02oH','1970-01-01 08:00:00',0,0,'Y'),(38,'STRING','shipNumber','06','1970-01-01 08:00:00',0,0,'Y'),(38,'STRING','fileName','/Users/hecun/JavaProjects/work/fudan/code/shipdata/shipdata-service/src/main/resources/data_files/2017-10-27T16:26:28.681Z523.txt','1970-01-01 08:00:00',0,0,'Y'),(38,'DATE','date','','2017-10-28 00:26:44',0,0,'Y'),(39,'STRING','roundId','LzbSCIck','1970-01-01 08:00:00',0,0,'Y'),(39,'STRING','shipNumber','06','1970-01-01 08:00:00',0,0,'Y'),(39,'STRING','fileName','/Users/hecun/JavaProjects/work/fudan/code/shipdata/shipdata-service/src/main/resources/data_files/2017-10-27T16:35:18.891Z605.txt','1970-01-01 08:00:00',0,0,'Y'),(39,'DATE','date','','2017-10-28 00:35:34',0,0,'Y'),(40,'STRING','roundId','CQMaI9qE','1970-01-01 08:00:00',0,0,'Y'),(40,'STRING','shipNumber','06','1970-01-01 08:00:00',0,0,'Y'),(40,'STRING','fileName','/Users/hecun/JavaProjects/work/fudan/code/shipdata/shipdata-service/src/main/resources/data_files/2017-10-27T16:42:45.322Z650.txt','1970-01-01 08:00:00',0,0,'Y'),(40,'DATE','date','','2017-10-28 00:43:00',0,0,'Y'),(41,'STRING','roundId','OhJO81CV','1970-01-01 08:00:00',0,0,'Y'),(41,'STRING','shipNumber','06','1970-01-01 08:00:00',0,0,'Y'),(41,'STRING','fileName','/Users/hecun/JavaProjects/work/fudan/code/shipdata/shipdata-service/src/main/resources/data_files/2017-10-27T16:56:13.077Z449.txt','1970-01-01 08:00:00',0,0,'Y'),(41,'DATE','date','','2017-10-28 00:56:41',0,0,'Y'),(42,'STRING','roundId','F7hemGN3','1970-01-01 08:00:00',0,0,'Y'),(42,'STRING','shipNumber','01','1970-01-01 08:00:00',0,0,'Y'),(42,'STRING','fileName','/Users/hecun/JavaProjects/work/fudan/code/shipdata/shipdata-service/src/main/resources/data_files/2017-10-27T16:57:48.771Z689.txt','1970-01-01 08:00:00',0,0,'Y'),(42,'DATE','date','','2017-10-28 00:58:07',0,0,'Y'),(43,'STRING','roundId','cqTvWDil','1970-01-01 08:00:00',0,0,'Y'),(43,'STRING','shipNumber','06','1970-01-01 08:00:00',0,0,'Y'),(43,'STRING','fileName','/Users/hecun/JavaProjects/work/fudan/code/shipdata/shipdata-service/src/main/resources/data_files/2017-10-27T17:13:55.318Z713.txt','1970-01-01 08:00:00',0,0,'Y'),(43,'DATE','date','','2017-10-28 01:14:14',0,0,'Y'),(44,'STRING','roundId','4K9rUnaY','1970-01-01 08:00:00',0,0,'Y'),(44,'STRING','shipNumber','01','1970-01-01 08:00:00',0,0,'Y'),(44,'STRING','fileName','/Users/hecun/JavaProjects/work/fudan/code/shipdata/shipdata-service/src/main/resources/data_files/2017-10-27T17:14:41.094Z986.txt','1970-01-01 08:00:00',0,0,'Y'),(44,'DATE','date','','2017-10-28 01:14:57',0,0,'Y'),(45,'STRING','roundId','scDdeeMK','1970-01-01 08:00:00',0,0,'Y'),(45,'STRING','shipNumber','06','1970-01-01 08:00:00',0,0,'Y'),(45,'STRING','fileName','/Users/hecun/JavaProjects/work/fudan/code/shipdata/shipdata-service/src/main/resources/data_files/2017-10-27T17:21:23.179Z689.txt','1970-01-01 08:00:00',0,0,'Y'),(45,'DATE','date','','2017-10-28 01:22:04',0,0,'Y'),(46,'STRING','roundId','laSd8qxr','1970-01-01 08:00:00',0,0,'Y'),(46,'STRING','shipNumber','01','1970-01-01 08:00:00',0,0,'Y'),(46,'STRING','fileName','/Users/hecun/JavaProjects/work/fudan/code/shipdata/shipdata-service/src/main/resources/data_files/2017-10-27T17:22:28.359Z571.txt','1970-01-01 08:00:00',0,0,'Y'),(46,'DATE','date','','2017-10-28 01:22:43',0,0,'Y'),(47,'STRING','roundId','UIJiXBXy','1970-01-01 08:00:00',0,0,'Y'),(47,'STRING','shipNumber','06','1970-01-01 08:00:00',0,0,'Y'),(47,'STRING','fileName','/Users/hecun/JavaProjects/work/fudan/code/shipdata/shipdata-service/src/main/resources/data_files/2017-10-28T01:36:46.203Z550.txt','1970-01-01 08:00:00',0,0,'Y'),(47,'DATE','date','','2017-10-28 09:38:25',0,0,'Y'),(48,'STRING','roundId','rkNQye3V','1970-01-01 08:00:00',0,0,'Y'),(48,'STRING','shipNumber','06','1970-01-01 08:00:00',0,0,'Y'),(48,'STRING','fileName','/Users/hecun/JavaProjects/work/fudan/code/shipdata/shipdata-service/src/main/resources/data_files/2017-10-28T01:55:13.394Z805.txt','1970-01-01 08:00:00',0,0,'Y'),(48,'DATE','date','','2017-10-28 09:55:13',0,0,'Y'),(49,'STRING','roundId','2BI2jCcN','1970-01-01 08:00:00',0,0,'Y'),(49,'STRING','shipNumber','01','1970-01-01 08:00:00',0,0,'Y'),(49,'STRING','fileName','/Users/hecun/JavaProjects/work/fudan/code/shipdata/shipdata-service/src/main/resources/data_files/2017-10-28T01:57:28.021Z732.txt','1970-01-01 08:00:00',0,0,'Y'),(49,'DATE','date','','2017-10-28 09:57:28',0,0,'Y'),(50,'STRING','roundId','9OmOvuno','1970-01-01 08:00:00',0,0,'Y'),(50,'STRING','shipNumber','06','1970-01-01 08:00:00',0,0,'Y'),(50,'STRING','fileName','/Users/hecun/JavaProjects/work/fudan/code/shipdata/shipdata-service/src/main/resources/data_files/2017-10-28T17:42:48.513Z62.txt','1970-01-01 08:00:00',0,0,'Y'),(50,'DATE','date','','2017-10-29 01:42:49',0,0,'Y'),(51,'STRING','roundId','3jEwT0jy','1970-01-01 08:00:00',0,0,'Y'),(51,'STRING','shipNumber','06','1970-01-01 08:00:00',0,0,'Y'),(51,'STRING','fileName','/Users/hecun/JavaProjects/work/fudan/code/shipdata/shipdata-service/src/main/resources/data_files/2017-10-29T02:49:33.838Z57.txt','1970-01-01 08:00:00',0,0,'Y'),(51,'DATE','date','','2017-10-29 10:49:34',0,0,'Y'),(52,'STRING','roundId','ewAXtBhH','1970-01-01 08:00:00',0,0,'Y'),(52,'STRING','shipNumber','06','1970-01-01 08:00:00',0,0,'Y'),(52,'STRING','fileName','/Users/hecun/JavaProjects/work/fudan/code/shipdata/shipdata-service/src/main/resources/data_files/2017-10-29T02:49:53.784Z527.txt','1970-01-01 08:00:00',0,0,'Y'),(52,'DATE','date','','2017-10-29 10:49:54',0,0,'Y'),(53,'STRING','roundId','Vy4vBAGl','1970-01-01 08:00:00',0,0,'Y'),(53,'STRING','shipNumber','01','1970-01-01 08:00:00',0,0,'Y'),(53,'STRING','fileName','/Users/hecun/JavaProjects/work/fudan/code/shipdata/shipdata-service/src/main/resources/data_files/2017-11-19T08:56:29.233Z122.txt','1970-01-01 08:00:00',0,0,'Y'),(53,'DATE','date','','2017-11-19 16:56:29',0,0,'Y'),(54,'STRING','roundId','JT5RsGJX','1970-01-01 08:00:00',0,0,'Y'),(54,'STRING','shipNumber','02','1970-01-01 08:00:00',0,0,'Y'),(54,'STRING','fileName','/Users/hecun/JavaProjects/work/fudan/code/shipdata/shipdata-service/src/main/resources/data_files/2017-11-19T09:11:04.259Z888.txt','1970-01-01 08:00:00',0,0,'Y'),(54,'DATE','date','','2017-11-19 17:11:04',0,0,'Y'),(55,'STRING','roundId','R69lRtbb','1970-01-01 08:00:00',0,0,'Y'),(55,'STRING','shipNumber','02','1970-01-01 08:00:00',0,0,'Y'),(55,'STRING','fileName','/Users/hecun/JavaProjects/work/fudan/code/shipdata/shipdata-service/src/main/resources/data_files/2017-11-19T09:17:41.595Z247.txt','1970-01-01 08:00:00',0,0,'Y'),(55,'DATE','date','','2017-11-19 17:17:42',0,0,'Y'),(56,'STRING','roundId','2Cbqf67A','1970-01-01 08:00:00',0,0,'Y'),(56,'STRING','shipNumber','02','1970-01-01 08:00:00',0,0,'Y'),(56,'STRING','fileName','/Users/hecun/JavaProjects/work/fudan/code/shipdata/shipdata-service/src/main/resources/data_files/2017-12-02T08:45:22.622Z143.txt','1970-01-01 08:00:00',0,0,'Y'),(56,'DATE','date','','2017-12-02 16:45:23',0,0,'Y'),(57,'STRING','roundId','1J1UjlxO','1970-01-01 08:00:00',0,0,'Y'),(57,'STRING','shipNumber','02','1970-01-01 08:00:00',0,0,'Y'),(57,'STRING','fileName','/Users/hecun/JavaProjects/work/fudan/code/shipdata/shipdata-service/src/main/resources/data_files/2017-12-02T08:47:26.535Z692.txt','1970-01-01 08:00:00',0,0,'Y'),(57,'DATE','date','','2017-12-02 16:52:52',0,0,'Y'),(58,'STRING','roundId','05','1970-01-01 08:00:00',0,0,'Y'),(58,'STRING','shipNumber','02','1970-01-01 08:00:00',0,0,'Y'),(58,'STRING','fileName','/Users/hecun/JavaProjects/work/fudan/code/shipdata/shipdata-service/src/main/resources/data_files/2017-12-02T09:02:05.025Z838.txt','1970-01-01 08:00:00',0,0,'Y'),(58,'DATE','date','','2017-12-02 17:02:05',0,0,'Y'),(59,'STRING','roundId','01','1970-01-01 08:00:00',0,0,'Y'),(59,'STRING','shipNumber','06','1970-01-01 08:00:00',0,0,'Y'),(59,'STRING','fileName','/Users/hecun/JavaProjects/work/fudan/code/shipdata/shipdata-service/src/main/resources/data_files/2017-12-04T14:46:55.133Z549.txt','1970-01-01 08:00:00',0,0,'Y'),(59,'DATE','date','','2017-12-04 22:46:55',0,0,'Y'),(60,'STRING','roundId','03','1970-01-01 08:00:00',0,0,'Y'),(60,'STRING','shipNumber','02','1970-01-01 08:00:00',0,0,'Y'),(60,'STRING','fileName','/Users/hecun/JavaProjects/work/fudan/code/shipdata/shipdata-service/src/main/resources/data_files/2017-12-06T07:32:27.381Z315.txt','1970-01-01 08:00:00',0,0,'Y'),(60,'DATE','date','','2017-12-06 15:32:27',0,0,'Y');

/*Table structure for table `batch_job_execution_seq` */

DROP TABLE IF EXISTS `batch_job_execution_seq`;

CREATE TABLE `batch_job_execution_seq` (
  `ID` bigint(20) NOT NULL,
  `UNIQUE_KEY` char(1) NOT NULL,
  UNIQUE KEY `UNIQUE_KEY_UN` (`UNIQUE_KEY`)
) ENGINE=InnoDB DEFAULT CHARSET=utf8;

/*Data for the table `batch_job_execution_seq` */

insert  into `batch_job_execution_seq`(`ID`,`UNIQUE_KEY`) values (60,'0');

/*Table structure for table `batch_job_instance` */

DROP TABLE IF EXISTS `batch_job_instance`;

CREATE TABLE `batch_job_instance` (
  `JOB_INSTANCE_ID` bigint(20) NOT NULL,
  `VERSION` bigint(20) DEFAULT NULL,
  `JOB_NAME` varchar(100) NOT NULL,
  `JOB_KEY` varchar(32) NOT NULL,
  PRIMARY KEY (`JOB_INSTANCE_ID`),
  UNIQUE KEY `JOB_INST_UN` (`JOB_NAME`,`JOB_KEY`)
) ENGINE=InnoDB DEFAULT CHARSET=utf8;

/*Data for the table `batch_job_instance` */

insert  into `batch_job_instance`(`JOB_INSTANCE_ID`,`VERSION`,`JOB_NAME`,`JOB_KEY`) values (1,0,'importMonitorData','853d3449e311f40366811cbefb3d93d7'),(2,0,'importMonitorData','e070bff4379694c0210a51d9f6c6a564'),(3,0,'importMonitorData','a3364faf893276dea0caacefbf618db5'),(4,0,'importMonitorData','47c0a8118b74165a864b66d37c7b6cf5'),(5,0,'importMonitorData','ce148f5f9c2bf4dc9bd44a7a5f64204c'),(6,0,'importMonitorData','bd0034040292bc81e6ccac0e25d9a578'),(7,0,'importMonitorData','597815c7e4ab1092c1b25130aae725cb'),(8,0,'importMonitorDataJob','d41d8cd98f00b204e9800998ecf8427e'),(9,0,'importMonitorDataJob','e91aed508a263a8c90d9549a6f9e262c'),(10,0,'importMonitorDataJob','908c5b6e1381044b906d31db6a3c733d'),(11,0,'importMonitorDataJob','9b68df9ac4b9cbdc2aa6da40dc23e40f'),(12,0,'importMonitorDataJob','3484b223d6006eaaff2cc40831718106'),(13,0,'importMonitorDataJob','3506f83d4385b5a2680b14a8af417847'),(14,0,'importMonitorDataJob','a8f5f91973a6327ce94ece6e8de9bc75'),(15,0,'importMonitorDataJob','bc5a2aa41e1650eaa6013624661c3581'),(16,0,'importMonitorDataJob','a50598ddea4e3b1db8b7875d02802d45'),(17,0,'importMonitorDataJob','af7633182e14c1dc5bf5459b43f02524'),(18,0,'importMonitorDataJob','d9e4c461fe1a31ad10c358bda0b77cfd'),(19,0,'importMonitorDataJob','16223c1da2d2152fac73609b253b8f76'),(20,0,'importMonitorDataJob','b2592c69375e5631a51b60fa14fa3156'),(21,0,'importMonitorDataJob','91745cda47a572c7f52b4b1b7d39da60'),(22,0,'importMonitorDataJob','1a99f6b0f2117ac1cfcb8ce1d94a3551'),(23,0,'importMonitorDataJob','6bad6bd22d80852ecb3d22dd644940c3'),(24,0,'importMonitorDataJob','2f35edc2b88d01cc9e2db9c173522502'),(25,0,'importMonitorDataJob','43f2537cc2037f31ac6296736b1ec8c7'),(26,0,'importMonitorDataJob','9a9fdbcb05e30103b6c174b0cec71ac5'),(27,0,'importMonitorDataJob','ee57590c3a4a3c63f40d2cc59e6983d9'),(28,0,'importMonitorDataJob','8306b4ea16e73db3a0e098aa6f645e5e'),(29,0,'importMonitorDataJob','11ac443040ecfb8496418ba373677eff'),(30,0,'importMonitorDataJob','c4fd84d0ebae54f6327b543a9bfc874c'),(31,0,'importMonitorDataJob','6eaf6eca7807cf8ad55da6110a3f63f6'),(32,0,'importMonitorDataJob','aff1b4896048c1af1202055e6737366e'),(33,0,'importMonitorDataJob','e315b56c1bb9c088da5821d1ee730fc8'),(34,0,'importMonitorDataJob','5d311f01c8b239ada902fbe3dbc79af6'),(35,0,'importMonitorDataJob','63fbc3fdc4c60f232c9c33b861e73949'),(36,0,'importMonitorDataJob','728bcdb76f07c23b48128325ccac6512'),(37,0,'importMonitorDataJob','56dc13863a5c10d108ede94537cecd13'),(38,0,'importMonitorDataJob','88ea6ec8b47aa6e06670a1d18bb475b9'),(39,0,'importMonitorDataJob','5749896db6cea79ff7b482aed1362979'),(40,0,'importMonitorDataJob','c20d7a2510122554dfc220cf452c739f'),(41,0,'importMonitorDataJob','5b85372f4fefea60bc51b16ec65dbcfb'),(42,0,'importMonitorDataJob','033013750d845c67650c6f9cc8852663'),(43,0,'importMonitorDataJob','6b6fe58cae36e4f680d7371cd882f973'),(44,0,'importMonitorDataJob','d6c258ff30f5203ab80fb58f4855bd2e'),(45,0,'importMonitorDataJob','b4a78d50f431cae46559a87bf8f5e433'),(46,0,'importMonitorDataJob','2ac36617746b6f439aece6adbdec874e'),(47,0,'importMonitorDataJob','4817e6cb0de1956574e0f5755b8e389d');

/*Table structure for table `batch_job_seq` */

DROP TABLE IF EXISTS `batch_job_seq`;

CREATE TABLE `batch_job_seq` (
  `ID` bigint(20) NOT NULL,
  `UNIQUE_KEY` char(1) NOT NULL,
  UNIQUE KEY `UNIQUE_KEY_UN` (`UNIQUE_KEY`)
) ENGINE=InnoDB DEFAULT CHARSET=utf8;

/*Data for the table `batch_job_seq` */

insert  into `batch_job_seq`(`ID`,`UNIQUE_KEY`) values (47,'0');

/*Table structure for table `batch_step_execution` */

DROP TABLE IF EXISTS `batch_step_execution`;

CREATE TABLE `batch_step_execution` (
  `STEP_EXECUTION_ID` bigint(20) NOT NULL,
  `VERSION` bigint(20) NOT NULL,
  `STEP_NAME` varchar(100) NOT NULL,
  `JOB_EXECUTION_ID` bigint(20) NOT NULL,
  `START_TIME` datetime NOT NULL,
  `END_TIME` datetime DEFAULT NULL,
  `STATUS` varchar(10) DEFAULT NULL,
  `COMMIT_COUNT` bigint(20) DEFAULT NULL,
  `READ_COUNT` bigint(20) DEFAULT NULL,
  `FILTER_COUNT` bigint(20) DEFAULT NULL,
  `WRITE_COUNT` bigint(20) DEFAULT NULL,
  `READ_SKIP_COUNT` bigint(20) DEFAULT NULL,
  `WRITE_SKIP_COUNT` bigint(20) DEFAULT NULL,
  `PROCESS_SKIP_COUNT` bigint(20) DEFAULT NULL,
  `ROLLBACK_COUNT` bigint(20) DEFAULT NULL,
  `EXIT_CODE` varchar(2500) DEFAULT NULL,
  `EXIT_MESSAGE` varchar(2500) DEFAULT NULL,
  `LAST_UPDATED` datetime DEFAULT NULL,
  PRIMARY KEY (`STEP_EXECUTION_ID`),
  KEY `JOB_EXEC_STEP_FK` (`JOB_EXECUTION_ID`),
  CONSTRAINT `JOB_EXEC_STEP_FK` FOREIGN KEY (`JOB_EXECUTION_ID`) REFERENCES `batch_job_execution` (`JOB_EXECUTION_ID`)
) ENGINE=InnoDB DEFAULT CHARSET=utf8;

/*Data for the table `batch_step_execution` */

insert  into `batch_step_execution`(`STEP_EXECUTION_ID`,`VERSION`,`STEP_NAME`,`JOB_EXECUTION_ID`,`START_TIME`,`END_TIME`,`STATUS`,`COMMIT_COUNT`,`READ_COUNT`,`FILTER_COUNT`,`WRITE_COUNT`,`READ_SKIP_COUNT`,`WRITE_SKIP_COUNT`,`PROCESS_SKIP_COUNT`,`ROLLBACK_COUNT`,`EXIT_CODE`,`EXIT_MESSAGE`,`LAST_UPDATED`) values (1,2,'importStep',1,'2017-10-26 17:53:05','2017-10-26 17:53:05','FAILED',0,0,0,0,0,0,0,1,'FAILED','org.springframework.batch.item.file.FlatFileParseException: Parsing error at line: 1 in resource=[class path resource [2016071102-01.TXT]], input=[$2016-07-11,14:58:32,A,S,2257.1581,W,04310.2508,00.0,---.-,-,--.-,---.-,---.-,L03.5,+01.7,---.-*]\n	at org.springframework.batch.item.file.FlatFileItemReader.doRead(FlatFileItemReader.java:184)\n	at org.springframework.batch.item.support.AbstractItemCountingItemStreamItemReader.read(AbstractItemCountingItemStreamItemReader.java:88)\n	at org.springframework.batch.core.step.item.SimpleChunkProvider.doRead(SimpleChunkProvider.java:91)\n	at org.springframework.batch.core.step.item.SimpleChunkProvider.read(SimpleChunkProvider.java:157)\n	at org.springframework.batch.core.step.item.SimpleChunkProvider$1.doInIteration(SimpleChunkProvider.java:116)\n	at org.springframework.batch.repeat.support.RepeatTemplate.getNextResult(RepeatTemplate.java:374)\n	at org.springframework.batch.repeat.support.RepeatTemplate.executeInternal(RepeatTemplate.java:215)\n	at org.springframework.batch.repeat.support.RepeatTemplate.iterate(RepeatTemplate.java:144)\n	at org.springframework.batch.core.step.item.SimpleChunkProvider.provide(SimpleChunkProvider.java:110)\n	at org.springframework.batch.core.step.item.ChunkOrientedTasklet.execute(ChunkOrientedTasklet.java:69)\n	at org.springframework.batch.core.step.tasklet.TaskletStep$ChunkTransactionCallback.doInTransaction(TaskletStep.java:406)\n	at org.springframework.batch.core.step.tasklet.TaskletStep$ChunkTransactionCallback.doInTransaction(TaskletStep.java:330)\n	at org.springframework.transaction.support.TransactionTemplate.execute(TransactionTemplate.java:133)\n	at org.springframework.batch.core.step.tasklet.TaskletStep$2.doInChunkContext(TaskletStep.java:272)\n	at org.springframework.batch.core.scope.context.StepContextRepeatCallback.doInIteration(StepContextRepeatCallback.java:81)\n	at org.springframework.batch.repeat.support.RepeatTemplate.getNextResult(RepeatTemplate.java:374)\n	at org.springframework.batch.repeat.support.RepeatTemplate.executeInternal(RepeatTemplate.java:215)\n	at org.springframework.batch.repeat.support.RepeatTemplate.iterate(RepeatTemplate.java:144)\n	at org.springframework.batch.core.step.tasklet.TaskletStep.doExecute(TaskletStep.java:257)\n	at org.springframework.batch.core.step.AbstractStep.execute(AbstractStep.java:200)\n	at org.springframework.batch.core.job.SimpleStepHandler.handleStep(SimpleStepHandler.java:148)\n	at org.springframework.batch.core.job.flow.JobFlowExecutor.executeStep','2017-10-26 17:53:05'),(2,2,'importStep',2,'2017-10-26 17:54:10','2017-10-26 17:54:10','FAILED',0,0,0,0,0,0,0,1,'FAILED','org.springframework.batch.item.file.FlatFileParseException: Parsing error at line: 1 in resource=[class path resource [2016071102-01.TXT]], input=[$2016-07-11,14:58:32,A,S,2257.1581,W,04310.2508,00.0,---.-,-,--.-,---.-,---.-,L03.5,+01.7,---.-*]\n	at org.springframework.batch.item.file.FlatFileItemReader.doRead(FlatFileItemReader.java:184)\n	at org.springframework.batch.item.support.AbstractItemCountingItemStreamItemReader.read(AbstractItemCountingItemStreamItemReader.java:88)\n	at org.springframework.batch.core.step.item.SimpleChunkProvider.doRead(SimpleChunkProvider.java:91)\n	at org.springframework.batch.core.step.item.SimpleChunkProvider.read(SimpleChunkProvider.java:157)\n	at org.springframework.batch.core.step.item.SimpleChunkProvider$1.doInIteration(SimpleChunkProvider.java:116)\n	at org.springframework.batch.repeat.support.RepeatTemplate.getNextResult(RepeatTemplate.java:374)\n	at org.springframework.batch.repeat.support.RepeatTemplate.executeInternal(RepeatTemplate.java:215)\n	at org.springframework.batch.repeat.support.RepeatTemplate.iterate(RepeatTemplate.java:144)\n	at org.springframework.batch.core.step.item.SimpleChunkProvider.provide(SimpleChunkProvider.java:110)\n	at org.springframework.batch.core.step.item.ChunkOrientedTasklet.execute(ChunkOrientedTasklet.java:69)\n	at org.springframework.batch.core.step.tasklet.TaskletStep$ChunkTransactionCallback.doInTransaction(TaskletStep.java:406)\n	at org.springframework.batch.core.step.tasklet.TaskletStep$ChunkTransactionCallback.doInTransaction(TaskletStep.java:330)\n	at org.springframework.transaction.support.TransactionTemplate.execute(TransactionTemplate.java:133)\n	at org.springframework.batch.core.step.tasklet.TaskletStep$2.doInChunkContext(TaskletStep.java:272)\n	at org.springframework.batch.core.scope.context.StepContextRepeatCallback.doInIteration(StepContextRepeatCallback.java:81)\n	at org.springframework.batch.repeat.support.RepeatTemplate.getNextResult(RepeatTemplate.java:374)\n	at org.springframework.batch.repeat.support.RepeatTemplate.executeInternal(RepeatTemplate.java:215)\n	at org.springframework.batch.repeat.support.RepeatTemplate.iterate(RepeatTemplate.java:144)\n	at org.springframework.batch.core.step.tasklet.TaskletStep.doExecute(TaskletStep.java:257)\n	at org.springframework.batch.core.step.AbstractStep.execute(AbstractStep.java:200)\n	at org.springframework.batch.core.job.SimpleStepHandler.handleStep(SimpleStepHandler.java:148)\n	at org.springframework.batch.core.job.flow.JobFlowExecutor.executeStep','2017-10-26 17:54:10'),(3,2,'importStep',3,'2017-10-26 17:55:00','2017-10-26 17:55:01','FAILED',0,0,0,0,0,0,0,1,'FAILED','org.springframework.batch.item.file.FlatFileParseException: Parsing error at line: 1 in resource=[class path resource [2016071102-01.TXT]], input=[$2016-07-11,14:58:32,A,S,2257.1581,W,04310.2508,00.0,---.-,-,--.-,---.-,---.-,L03.5,+01.7,---.-*]\n	at org.springframework.batch.item.file.FlatFileItemReader.doRead(FlatFileItemReader.java:184)\n	at org.springframework.batch.item.support.AbstractItemCountingItemStreamItemReader.read(AbstractItemCountingItemStreamItemReader.java:88)\n	at org.springframework.batch.core.step.item.SimpleChunkProvider.doRead(SimpleChunkProvider.java:91)\n	at org.springframework.batch.core.step.item.SimpleChunkProvider.read(SimpleChunkProvider.java:157)\n	at org.springframework.batch.core.step.item.SimpleChunkProvider$1.doInIteration(SimpleChunkProvider.java:116)\n	at org.springframework.batch.repeat.support.RepeatTemplate.getNextResult(RepeatTemplate.java:374)\n	at org.springframework.batch.repeat.support.RepeatTemplate.executeInternal(RepeatTemplate.java:215)\n	at org.springframework.batch.repeat.support.RepeatTemplate.iterate(RepeatTemplate.java:144)\n	at org.springframework.batch.core.step.item.SimpleChunkProvider.provide(SimpleChunkProvider.java:110)\n	at org.springframework.batch.core.step.item.ChunkOrientedTasklet.execute(ChunkOrientedTasklet.java:69)\n	at org.springframework.batch.core.step.tasklet.TaskletStep$ChunkTransactionCallback.doInTransaction(TaskletStep.java:406)\n	at org.springframework.batch.core.step.tasklet.TaskletStep$ChunkTransactionCallback.doInTransaction(TaskletStep.java:330)\n	at org.springframework.transaction.support.TransactionTemplate.execute(TransactionTemplate.java:133)\n	at org.springframework.batch.core.step.tasklet.TaskletStep$2.doInChunkContext(TaskletStep.java:272)\n	at org.springframework.batch.core.scope.context.StepContextRepeatCallback.doInIteration(StepContextRepeatCallback.java:81)\n	at org.springframework.batch.repeat.support.RepeatTemplate.getNextResult(RepeatTemplate.java:374)\n	at org.springframework.batch.repeat.support.RepeatTemplate.executeInternal(RepeatTemplate.java:215)\n	at org.springframework.batch.repeat.support.RepeatTemplate.iterate(RepeatTemplate.java:144)\n	at org.springframework.batch.core.step.tasklet.TaskletStep.doExecute(TaskletStep.java:257)\n	at org.springframework.batch.core.step.AbstractStep.execute(AbstractStep.java:200)\n	at org.springframework.batch.core.job.SimpleStepHandler.handleStep(SimpleStepHandler.java:148)\n	at org.springframework.batch.core.job.flow.JobFlowExecutor.executeStep','2017-10-26 17:55:01'),(4,2,'importStep',4,'2017-10-26 17:55:41','2017-10-26 17:55:41','FAILED',0,0,0,0,0,0,0,1,'FAILED','org.springframework.batch.item.file.FlatFileParseException: Parsing error at line: 1 in resource=[class path resource [2016071102-01.TXT]], input=[$2016-07-11,14:58:32,A,S,2257.1581,W,04310.2508,00.0,---.-,-,--.-,---.-,---.-,L03.5,+01.7,---.-*]\n	at org.springframework.batch.item.file.FlatFileItemReader.doRead(FlatFileItemReader.java:184)\n	at org.springframework.batch.item.support.AbstractItemCountingItemStreamItemReader.read(AbstractItemCountingItemStreamItemReader.java:88)\n	at org.springframework.batch.core.step.item.SimpleChunkProvider.doRead(SimpleChunkProvider.java:91)\n	at org.springframework.batch.core.step.item.SimpleChunkProvider.read(SimpleChunkProvider.java:157)\n	at org.springframework.batch.core.step.item.SimpleChunkProvider$1.doInIteration(SimpleChunkProvider.java:116)\n	at org.springframework.batch.repeat.support.RepeatTemplate.getNextResult(RepeatTemplate.java:374)\n	at org.springframework.batch.repeat.support.RepeatTemplate.executeInternal(RepeatTemplate.java:215)\n	at org.springframework.batch.repeat.support.RepeatTemplate.iterate(RepeatTemplate.java:144)\n	at org.springframework.batch.core.step.item.SimpleChunkProvider.provide(SimpleChunkProvider.java:110)\n	at org.springframework.batch.core.step.item.ChunkOrientedTasklet.execute(ChunkOrientedTasklet.java:69)\n	at org.springframework.batch.core.step.tasklet.TaskletStep$ChunkTransactionCallback.doInTransaction(TaskletStep.java:406)\n	at org.springframework.batch.core.step.tasklet.TaskletStep$ChunkTransactionCallback.doInTransaction(TaskletStep.java:330)\n	at org.springframework.transaction.support.TransactionTemplate.execute(TransactionTemplate.java:133)\n	at org.springframework.batch.core.step.tasklet.TaskletStep$2.doInChunkContext(TaskletStep.java:272)\n	at org.springframework.batch.core.scope.context.StepContextRepeatCallback.doInIteration(StepContextRepeatCallback.java:81)\n	at org.springframework.batch.repeat.support.RepeatTemplate.getNextResult(RepeatTemplate.java:374)\n	at org.springframework.batch.repeat.support.RepeatTemplate.executeInternal(RepeatTemplate.java:215)\n	at org.springframework.batch.repeat.support.RepeatTemplate.iterate(RepeatTemplate.java:144)\n	at org.springframework.batch.core.step.tasklet.TaskletStep.doExecute(TaskletStep.java:257)\n	at org.springframework.batch.core.step.AbstractStep.execute(AbstractStep.java:200)\n	at org.springframework.batch.core.job.SimpleStepHandler.handleStep(SimpleStepHandler.java:148)\n	at org.springframework.batch.core.job.flow.JobFlowExecutor.executeStep','2017-10-26 17:55:41'),(5,2,'importStep',5,'2017-10-26 18:02:04','2017-10-26 18:02:04','FAILED',0,0,0,0,0,0,0,1,'FAILED','org.springframework.batch.item.file.FlatFileParseException: Parsing error at line: 1 in resource=[class path resource [2016071102-01.TXT]], input=[$2016-07-11,14:58:32,A,S,2257.1581,W,04310.2508,00.0,---.-,-,--.-,---.-,---.-,L03.5,+01.7,---.-*]\n	at org.springframework.batch.item.file.FlatFileItemReader.doRead(FlatFileItemReader.java:184)\n	at org.springframework.batch.item.support.AbstractItemCountingItemStreamItemReader.read(AbstractItemCountingItemStreamItemReader.java:88)\n	at org.springframework.batch.core.step.item.SimpleChunkProvider.doRead(SimpleChunkProvider.java:91)\n	at org.springframework.batch.core.step.item.SimpleChunkProvider.read(SimpleChunkProvider.java:157)\n	at org.springframework.batch.core.step.item.SimpleChunkProvider$1.doInIteration(SimpleChunkProvider.java:116)\n	at org.springframework.batch.repeat.support.RepeatTemplate.getNextResult(RepeatTemplate.java:374)\n	at org.springframework.batch.repeat.support.RepeatTemplate.executeInternal(RepeatTemplate.java:215)\n	at org.springframework.batch.repeat.support.RepeatTemplate.iterate(RepeatTemplate.java:144)\n	at org.springframework.batch.core.step.item.SimpleChunkProvider.provide(SimpleChunkProvider.java:110)\n	at org.springframework.batch.core.step.item.ChunkOrientedTasklet.execute(ChunkOrientedTasklet.java:69)\n	at org.springframework.batch.core.step.tasklet.TaskletStep$ChunkTransactionCallback.doInTransaction(TaskletStep.java:406)\n	at org.springframework.batch.core.step.tasklet.TaskletStep$ChunkTransactionCallback.doInTransaction(TaskletStep.java:330)\n	at org.springframework.transaction.support.TransactionTemplate.execute(TransactionTemplate.java:133)\n	at org.springframework.batch.core.step.tasklet.TaskletStep$2.doInChunkContext(TaskletStep.java:272)\n	at org.springframework.batch.core.scope.context.StepContextRepeatCallback.doInIteration(StepContextRepeatCallback.java:81)\n	at org.springframework.batch.repeat.support.RepeatTemplate.getNextResult(RepeatTemplate.java:374)\n	at org.springframework.batch.repeat.support.RepeatTemplate.executeInternal(RepeatTemplate.java:215)\n	at org.springframework.batch.repeat.support.RepeatTemplate.iterate(RepeatTemplate.java:144)\n	at org.springframework.batch.core.step.tasklet.TaskletStep.doExecute(TaskletStep.java:257)\n	at org.springframework.batch.core.step.AbstractStep.execute(AbstractStep.java:200)\n	at org.springframework.batch.core.job.SimpleStepHandler.handleStep(SimpleStepHandler.java:148)\n	at org.springframework.batch.core.job.flow.JobFlowExecutor.executeStep','2017-10-26 18:02:04'),(6,70,'importStep',6,'2017-10-26 21:22:00','2017-10-26 21:22:04','COMPLETED',68,6766,0,6766,0,0,0,0,'COMPLETED','','2017-10-26 21:22:04'),(7,70,'importStep',7,'2017-10-26 22:43:39','2017-10-26 22:43:43','COMPLETED',68,6766,0,6766,0,0,0,0,'COMPLETED','','2017-10-26 22:43:43'),(8,70,'importStep',8,'2017-10-26 22:59:41','2017-10-26 22:59:45','COMPLETED',68,6766,0,6766,0,0,0,0,'COMPLETED','','2017-10-26 22:59:45'),(9,70,'importStep',9,'2017-10-27 00:10:58','2017-10-27 00:11:03','COMPLETED',68,6766,0,6766,0,0,0,0,'COMPLETED','','2017-10-27 00:11:03'),(10,70,'importStep',10,'2017-10-27 09:57:33','2017-10-27 09:57:38','COMPLETED',68,6766,0,6766,0,0,0,0,'COMPLETED','','2017-10-27 09:57:38'),(11,70,'importStep',11,'2017-10-27 10:27:21','2017-10-27 10:27:25','COMPLETED',68,6766,0,6766,0,0,0,0,'COMPLETED','','2017-10-27 10:27:25'),(12,70,'importStep',12,'2017-10-27 10:30:38','2017-10-27 10:30:42','COMPLETED',68,6766,0,6766,0,0,0,0,'COMPLETED','','2017-10-27 10:30:42'),(13,2,'importMonitorDataStep',13,'2017-10-27 16:21:48','2017-10-27 16:21:48','FAILED',0,0,0,0,0,0,0,0,'FAILED','org.springframework.batch.item.ItemStreamException: Failed to initialize the reader\n	at org.springframework.batch.item.support.AbstractItemCountingItemStreamItemReader.open(AbstractItemCountingItemStreamItemReader.java:147)\n	at org.springframework.batch.item.support.CompositeItemStream.open(CompositeItemStream.java:96)\n	at org.springframework.batch.core.step.tasklet.TaskletStep.open(TaskletStep.java:310)\n	at org.springframework.batch.core.step.AbstractStep.execute(AbstractStep.java:197)\n	at org.springframework.batch.core.job.SimpleStepHandler.handleStep(SimpleStepHandler.java:148)\n	at org.springframework.batch.core.job.flow.JobFlowExecutor.executeStep(JobFlowExecutor.java:64)\n	at org.springframework.batch.core.job.flow.support.state.StepState.handle(StepState.java:67)\n	at org.springframework.batch.core.job.flow.support.SimpleFlow.resume(SimpleFlow.java:169)\n	at org.springframework.batch.core.job.flow.support.SimpleFlow.start(SimpleFlow.java:144)\n	at org.springframework.batch.core.job.flow.FlowJob.doExecute(FlowJob.java:134)\n	at org.springframework.batch.core.job.AbstractJob.execute(AbstractJob.java:306)\n	at org.springframework.batch.core.launch.support.SimpleJobLauncher$1.run(SimpleJobLauncher.java:135)\n	at org.springframework.core.task.SyncTaskExecutor.execute(SyncTaskExecutor.java:50)\n	at org.springframework.batch.core.launch.support.SimpleJobLauncher.run(SimpleJobLauncher.java:128)\n	at sun.reflect.NativeMethodAccessorImpl.invoke0(Native Method)\n	at sun.reflect.NativeMethodAccessorImpl.invoke(NativeMethodAccessorImpl.java:62)\n	at sun.reflect.DelegatingMethodAccessorImpl.invoke(DelegatingMethodAccessorImpl.java:43)\n	at java.lang.reflect.Method.invoke(Method.java:498)\n	at org.springframework.aop.support.AopUtils.invokeJoinpointUsingReflection(AopUtils.java:333)\n	at org.springframework.aop.framework.ReflectiveMethodInvocation.invokeJoinpoint(ReflectiveMethodInvocation.java:190)\n	at org.springframework.aop.framework.ReflectiveMethodInvocation.proceed(ReflectiveMethodInvocation.java:157)\n	at org.springframework.batch.core.configuration.annotation.SimpleBatchConfiguration$PassthruAdvice.invoke(SimpleBatchConfiguration.java:127)\n	at org.springframework.aop.framework.ReflectiveMethodInvocation.proceed(ReflectiveMethodInvocation.java:179)\n	at org.springframework.aop.framework.JdkDynamicAopProxy.invoke(JdkDynamicAopProxy.java:213)\n	at com.sun.proxy.$Proxy105.run(Unknown Source)\n	at me.hecun.shipdata.service.impl.BatchJobServiceImpl.startBatchJob(BatchJobServiceImp','2017-10-27 16:21:48'),(14,2,'importMonitorDataStep',14,'2017-10-27 16:23:06','2017-10-27 16:23:06','FAILED',0,0,0,0,0,0,0,0,'FAILED','org.springframework.batch.item.ItemStreamException: Failed to initialize the reader\n	at org.springframework.batch.item.support.AbstractItemCountingItemStreamItemReader.open(AbstractItemCountingItemStreamItemReader.java:147)\n	at org.springframework.batch.item.support.CompositeItemStream.open(CompositeItemStream.java:96)\n	at org.springframework.batch.core.step.tasklet.TaskletStep.open(TaskletStep.java:310)\n	at org.springframework.batch.core.step.AbstractStep.execute(AbstractStep.java:197)\n	at org.springframework.batch.core.job.SimpleStepHandler.handleStep(SimpleStepHandler.java:148)\n	at org.springframework.batch.core.job.flow.JobFlowExecutor.executeStep(JobFlowExecutor.java:64)\n	at org.springframework.batch.core.job.flow.support.state.StepState.handle(StepState.java:67)\n	at org.springframework.batch.core.job.flow.support.SimpleFlow.resume(SimpleFlow.java:169)\n	at org.springframework.batch.core.job.flow.support.SimpleFlow.start(SimpleFlow.java:144)\n	at org.springframework.batch.core.job.flow.FlowJob.doExecute(FlowJob.java:134)\n	at org.springframework.batch.core.job.AbstractJob.execute(AbstractJob.java:306)\n	at org.springframework.batch.core.launch.support.SimpleJobLauncher$1.run(SimpleJobLauncher.java:135)\n	at org.springframework.core.task.SyncTaskExecutor.execute(SyncTaskExecutor.java:50)\n	at org.springframework.batch.core.launch.support.SimpleJobLauncher.run(SimpleJobLauncher.java:128)\n	at sun.reflect.NativeMethodAccessorImpl.invoke0(Native Method)\n	at sun.reflect.NativeMethodAccessorImpl.invoke(NativeMethodAccessorImpl.java:62)\n	at sun.reflect.DelegatingMethodAccessorImpl.invoke(DelegatingMethodAccessorImpl.java:43)\n	at java.lang.reflect.Method.invoke(Method.java:498)\n	at org.springframework.aop.support.AopUtils.invokeJoinpointUsingReflection(AopUtils.java:333)\n	at org.springframework.aop.framework.ReflectiveMethodInvocation.invokeJoinpoint(ReflectiveMethodInvocation.java:190)\n	at org.springframework.aop.framework.ReflectiveMethodInvocation.proceed(ReflectiveMethodInvocation.java:157)\n	at org.springframework.batch.core.configuration.annotation.SimpleBatchConfiguration$PassthruAdvice.invoke(SimpleBatchConfiguration.java:127)\n	at org.springframework.aop.framework.ReflectiveMethodInvocation.proceed(ReflectiveMethodInvocation.java:179)\n	at org.springframework.aop.framework.JdkDynamicAopProxy.invoke(JdkDynamicAopProxy.java:213)\n	at com.sun.proxy.$Proxy105.run(Unknown Source)\n	at me.hecun.shipdata.service.impl.BatchJobServiceImpl.startBatchJob(BatchJobServiceImp','2017-10-27 16:23:06'),(15,2,'importMonitorDataStep',15,'2017-10-27 16:30:28','2017-10-27 16:30:28','FAILED',0,0,0,0,0,0,0,0,'FAILED','org.springframework.batch.item.ItemStreamException: Failed to initialize the reader\n	at org.springframework.batch.item.support.AbstractItemCountingItemStreamItemReader.open(AbstractItemCountingItemStreamItemReader.java:147)\n	at org.springframework.batch.item.support.CompositeItemStream.open(CompositeItemStream.java:96)\n	at org.springframework.batch.core.step.tasklet.TaskletStep.open(TaskletStep.java:310)\n	at org.springframework.batch.core.step.AbstractStep.execute(AbstractStep.java:197)\n	at org.springframework.batch.core.job.SimpleStepHandler.handleStep(SimpleStepHandler.java:148)\n	at org.springframework.batch.core.job.flow.JobFlowExecutor.executeStep(JobFlowExecutor.java:64)\n	at org.springframework.batch.core.job.flow.support.state.StepState.handle(StepState.java:67)\n	at org.springframework.batch.core.job.flow.support.SimpleFlow.resume(SimpleFlow.java:169)\n	at org.springframework.batch.core.job.flow.support.SimpleFlow.start(SimpleFlow.java:144)\n	at org.springframework.batch.core.job.flow.FlowJob.doExecute(FlowJob.java:134)\n	at org.springframework.batch.core.job.AbstractJob.execute(AbstractJob.java:306)\n	at org.springframework.batch.core.launch.support.SimpleJobLauncher$1.run(SimpleJobLauncher.java:135)\n	at org.springframework.core.task.SyncTaskExecutor.execute(SyncTaskExecutor.java:50)\n	at org.springframework.batch.core.launch.support.SimpleJobLauncher.run(SimpleJobLauncher.java:128)\n	at sun.reflect.NativeMethodAccessorImpl.invoke0(Native Method)\n	at sun.reflect.NativeMethodAccessorImpl.invoke(NativeMethodAccessorImpl.java:62)\n	at sun.reflect.DelegatingMethodAccessorImpl.invoke(DelegatingMethodAccessorImpl.java:43)\n	at java.lang.reflect.Method.invoke(Method.java:498)\n	at org.springframework.aop.support.AopUtils.invokeJoinpointUsingReflection(AopUtils.java:333)\n	at org.springframework.aop.framework.ReflectiveMethodInvocation.invokeJoinpoint(ReflectiveMethodInvocation.java:190)\n	at org.springframework.aop.framework.ReflectiveMethodInvocation.proceed(ReflectiveMethodInvocation.java:157)\n	at org.springframework.batch.core.configuration.annotation.SimpleBatchConfiguration$PassthruAdvice.invoke(SimpleBatchConfiguration.java:127)\n	at org.springframework.aop.framework.ReflectiveMethodInvocation.proceed(ReflectiveMethodInvocation.java:179)\n	at org.springframework.aop.framework.JdkDynamicAopProxy.invoke(JdkDynamicAopProxy.java:213)\n	at com.sun.proxy.$Proxy105.run(Unknown Source)\n	at me.hecun.shipdata.service.impl.BatchJobServiceImpl.startBatchJob(BatchJobServiceImp','2017-10-27 16:30:28'),(16,2,'importMonitorDataStep',16,'2017-10-27 16:30:38','2017-10-27 16:30:38','FAILED',0,0,0,0,0,0,0,0,'FAILED','org.springframework.batch.item.ItemStreamException: Failed to initialize the reader\n	at org.springframework.batch.item.support.AbstractItemCountingItemStreamItemReader.open(AbstractItemCountingItemStreamItemReader.java:147)\n	at org.springframework.batch.item.support.CompositeItemStream.open(CompositeItemStream.java:96)\n	at org.springframework.batch.core.step.tasklet.TaskletStep.open(TaskletStep.java:310)\n	at org.springframework.batch.core.step.AbstractStep.execute(AbstractStep.java:197)\n	at org.springframework.batch.core.job.SimpleStepHandler.handleStep(SimpleStepHandler.java:148)\n	at org.springframework.batch.core.job.flow.JobFlowExecutor.executeStep(JobFlowExecutor.java:64)\n	at org.springframework.batch.core.job.flow.support.state.StepState.handle(StepState.java:67)\n	at org.springframework.batch.core.job.flow.support.SimpleFlow.resume(SimpleFlow.java:169)\n	at org.springframework.batch.core.job.flow.support.SimpleFlow.start(SimpleFlow.java:144)\n	at org.springframework.batch.core.job.flow.FlowJob.doExecute(FlowJob.java:134)\n	at org.springframework.batch.core.job.AbstractJob.execute(AbstractJob.java:306)\n	at org.springframework.batch.core.launch.support.SimpleJobLauncher$1.run(SimpleJobLauncher.java:135)\n	at org.springframework.core.task.SyncTaskExecutor.execute(SyncTaskExecutor.java:50)\n	at org.springframework.batch.core.launch.support.SimpleJobLauncher.run(SimpleJobLauncher.java:128)\n	at sun.reflect.NativeMethodAccessorImpl.invoke0(Native Method)\n	at sun.reflect.NativeMethodAccessorImpl.invoke(NativeMethodAccessorImpl.java:62)\n	at sun.reflect.DelegatingMethodAccessorImpl.invoke(DelegatingMethodAccessorImpl.java:43)\n	at java.lang.reflect.Method.invoke(Method.java:498)\n	at org.springframework.aop.support.AopUtils.invokeJoinpointUsingReflection(AopUtils.java:333)\n	at org.springframework.aop.framework.ReflectiveMethodInvocation.invokeJoinpoint(ReflectiveMethodInvocation.java:190)\n	at org.springframework.aop.framework.ReflectiveMethodInvocation.proceed(ReflectiveMethodInvocation.java:157)\n	at org.springframework.batch.core.configuration.annotation.SimpleBatchConfiguration$PassthruAdvice.invoke(SimpleBatchConfiguration.java:127)\n	at org.springframework.aop.framework.ReflectiveMethodInvocation.proceed(ReflectiveMethodInvocation.java:179)\n	at org.springframework.aop.framework.JdkDynamicAopProxy.invoke(JdkDynamicAopProxy.java:213)\n	at com.sun.proxy.$Proxy105.run(Unknown Source)\n	at me.hecun.shipdata.service.impl.BatchJobServiceImpl.startBatchJob(BatchJobServiceImp','2017-10-27 16:30:38'),(17,9,'importMonitorDataStep',17,'2017-10-27 16:34:26','2017-10-27 16:34:27','COMPLETED',7,686,0,686,0,0,0,0,'COMPLETED','','2017-10-27 16:34:27'),(18,3,'importMonitorDataStep',22,'2017-10-27 18:34:07','2017-10-27 18:34:08','COMPLETED',1,27,0,27,0,0,0,0,'COMPLETED','','2017-10-27 18:34:08'),(19,3,'importMonitorDataStep',23,'2017-10-27 22:17:13','2017-10-27 22:17:14','COMPLETED',1,27,0,27,0,0,0,0,'COMPLETED','','2017-10-27 22:17:14'),(20,9,'importMonitorDataStep',24,'2017-10-27 22:18:33','2017-10-27 22:18:34','COMPLETED',7,686,0,686,0,0,0,0,'COMPLETED','','2017-10-27 22:18:34'),(21,9,'importMonitorDataStep',25,'2017-10-27 22:21:48','2017-10-27 22:21:48','COMPLETED',7,686,0,686,0,0,0,0,'COMPLETED','','2017-10-27 22:21:48'),(22,9,'importMonitorDataStep',26,'2017-10-27 22:22:13','2017-10-27 22:22:14','COMPLETED',7,686,0,686,0,0,0,0,'COMPLETED','','2017-10-27 22:22:14'),(23,9,'importMonitorDataStep',27,'2017-10-27 22:47:38','2017-10-27 22:47:39','COMPLETED',7,686,0,686,0,0,0,0,'COMPLETED','','2017-10-27 22:47:39'),(24,9,'importMonitorDataStep',28,'2017-10-27 22:49:14','2017-10-27 22:49:15','COMPLETED',7,686,0,686,0,0,0,0,'COMPLETED','','2017-10-27 22:49:15'),(25,9,'importMonitorDataStep',29,'2017-10-27 22:51:45','2017-10-27 22:51:46','COMPLETED',7,686,0,686,0,0,0,0,'COMPLETED','','2017-10-27 22:51:46'),(26,4,'importMonitorDataStep',30,'2017-10-27 23:00:17','2017-10-27 23:00:17','COMPLETED',2,165,0,165,0,0,0,0,'COMPLETED','','2017-10-27 23:00:17'),(27,4,'importMonitorDataStep',31,'2017-10-27 23:03:03','2017-10-27 23:03:04','COMPLETED',2,165,0,165,0,0,0,0,'COMPLETED','','2017-10-27 23:03:04'),(28,4,'importMonitorDataStep',32,'2017-10-27 23:14:21','2017-10-27 23:14:22','COMPLETED',2,165,0,165,0,0,0,0,'COMPLETED','','2017-10-27 23:14:22'),(29,9,'importMonitorDataStep',33,'2017-10-27 23:18:35','2017-10-27 23:18:36','COMPLETED',7,686,0,686,0,0,0,0,'COMPLETED','','2017-10-27 23:18:36'),(30,9,'importMonitorDataStep',34,'2017-10-28 00:06:38','2017-10-28 00:06:39','COMPLETED',7,686,0,686,0,0,0,0,'COMPLETED','','2017-10-28 00:06:39'),(31,4,'importMonitorDataStep',35,'2017-10-28 00:09:29','2017-10-28 00:09:30','COMPLETED',2,165,0,165,0,0,0,0,'COMPLETED','','2017-10-28 00:09:30'),(32,9,'importMonitorDataStep',36,'2017-10-28 00:19:39','2017-10-28 00:19:40','COMPLETED',7,686,0,686,0,0,0,0,'COMPLETED','','2017-10-28 00:19:40'),(33,9,'importMonitorDataStep',37,'2017-10-28 00:21:58','2017-10-28 00:21:59','COMPLETED',7,686,0,686,0,0,0,0,'COMPLETED','','2017-10-28 00:21:59'),(34,9,'importMonitorDataStep',38,'2017-10-28 00:26:44','2017-10-28 00:26:45','COMPLETED',7,686,0,686,0,0,0,0,'COMPLETED','','2017-10-28 00:26:45'),(35,9,'importMonitorDataStep',39,'2017-10-28 00:35:34','2017-10-28 00:35:35','COMPLETED',7,686,0,686,0,0,0,0,'COMPLETED','','2017-10-28 00:35:35'),(36,9,'importMonitorDataStep',40,'2017-10-28 00:43:00','2017-10-28 00:43:01','COMPLETED',7,686,0,686,0,0,0,0,'COMPLETED','','2017-10-28 00:43:01'),(37,9,'importMonitorDataStep',41,'2017-10-28 00:56:42','2017-10-28 00:56:43','COMPLETED',7,686,0,686,0,0,0,0,'COMPLETED','','2017-10-28 00:56:43'),(38,4,'importMonitorDataStep',42,'2017-10-28 00:58:07','2017-10-28 00:58:07','COMPLETED',2,165,0,165,0,0,0,0,'COMPLETED','','2017-10-28 00:58:07'),(39,9,'importMonitorDataStep',43,'2017-10-28 01:14:14','2017-10-28 01:14:16','COMPLETED',7,686,0,686,0,0,0,0,'COMPLETED','','2017-10-28 01:14:16'),(40,4,'importMonitorDataStep',44,'2017-10-28 01:14:57','2017-10-28 01:14:57','COMPLETED',2,165,0,165,0,0,0,0,'COMPLETED','','2017-10-28 01:14:57'),(41,9,'importMonitorDataStep',45,'2017-10-28 01:22:04','2017-10-28 01:22:05','COMPLETED',7,686,0,686,0,0,0,0,'COMPLETED','','2017-10-28 01:22:05'),(42,4,'importMonitorDataStep',46,'2017-10-28 01:22:43','2017-10-28 01:22:43','COMPLETED',2,165,0,165,0,0,0,0,'COMPLETED','','2017-10-28 01:22:43'),(43,9,'importMonitorDataStep',47,'2017-10-28 09:38:25','2017-10-28 09:38:26','COMPLETED',7,686,0,686,0,0,0,0,'COMPLETED','','2017-10-28 09:38:26'),(44,9,'importMonitorDataStep',48,'2017-10-28 09:55:14','2017-10-28 09:55:14','COMPLETED',7,686,0,686,0,0,0,0,'COMPLETED','','2017-10-28 09:55:14'),(45,4,'importMonitorDataStep',49,'2017-10-28 09:57:28','2017-10-28 09:57:28','COMPLETED',2,165,0,165,0,0,0,0,'COMPLETED','','2017-10-28 09:57:28'),(46,3,'importMonitorDataStep',50,'2017-10-29 01:42:49','2017-10-29 01:42:49','COMPLETED',1,27,0,27,0,0,0,0,'COMPLETED','','2017-10-29 01:42:49'),(47,9,'importMonitorDataStep',51,'2017-10-29 10:49:34','2017-10-29 10:49:36','COMPLETED',7,686,0,686,0,0,0,0,'COMPLETED','','2017-10-29 10:49:36'),(48,3,'importMonitorDataStep',52,'2017-10-29 10:49:54','2017-10-29 10:49:54','COMPLETED',1,27,0,27,0,0,0,0,'COMPLETED','','2017-10-29 10:49:54'),(49,3,'importMonitorDataStep',53,'2017-11-19 16:56:30','2017-11-19 16:56:30','COMPLETED',1,33,0,33,0,0,0,0,'COMPLETED','','2017-11-19 16:56:30'),(50,8,'importMonitorDataStep',54,'2017-11-19 17:11:04','2017-11-19 17:11:05','COMPLETED',6,518,0,518,0,0,0,0,'COMPLETED','','2017-11-19 17:11:05'),(51,12,'importMonitorDataStep',55,'2017-11-19 17:17:42','2017-11-19 17:17:43','COMPLETED',10,920,0,920,0,0,0,0,'COMPLETED','','2017-11-19 17:17:43'),(52,70,'importMonitorDataStep',56,'2017-12-02 16:45:23','2017-12-02 16:45:29','COMPLETED',68,6766,0,6766,0,0,0,0,'COMPLETED','','2017-12-02 16:45:29'),(53,1,'importMonitorDataStep',57,'2017-12-02 16:52:53',NULL,'STARTED',0,0,0,0,0,0,0,0,'EXECUTING','','2017-12-02 16:52:53'),(54,7,'importMonitorDataStep',58,'2017-12-02 17:02:05','2017-12-02 17:02:06','COMPLETED',5,466,0,466,0,0,0,0,'COMPLETED','','2017-12-02 17:02:06'),(55,9,'importMonitorDataStep',59,'2017-12-04 22:46:55','2017-12-04 22:46:56','COMPLETED',7,686,0,686,0,0,0,0,'COMPLETED','','2017-12-04 22:46:56'),(56,2,'importMonitorDataStep',60,'2017-12-06 15:32:28','2017-12-06 15:32:28','FAILED',0,0,0,0,0,0,0,1,'FAILED','org.springframework.batch.item.file.FlatFileParseException: Parsing error at line: 1 in resource=[file [/Users/hecun/JavaProjects/work/fudan/code/shipdata/shipdata-service/src/main/resources/data_files/2017-12-06T07:32:27.381Z315.txt]], input=[Boat:02]\n	at org.springframework.batch.item.file.FlatFileItemReader.doRead(FlatFileItemReader.java:184)\n	at org.springframework.batch.item.support.AbstractItemCountingItemStreamItemReader.read(AbstractItemCountingItemStreamItemReader.java:88)\n	at org.springframework.batch.core.step.item.SimpleChunkProvider.doRead(SimpleChunkProvider.java:91)\n	at org.springframework.batch.core.step.item.SimpleChunkProvider.read(SimpleChunkProvider.java:157)\n	at org.springframework.batch.core.step.item.SimpleChunkProvider$1.doInIteration(SimpleChunkProvider.java:116)\n	at org.springframework.batch.repeat.support.RepeatTemplate.getNextResult(RepeatTemplate.java:374)\n	at org.springframework.batch.repeat.support.RepeatTemplate.executeInternal(RepeatTemplate.java:215)\n	at org.springframework.batch.repeat.support.RepeatTemplate.iterate(RepeatTemplate.java:144)\n	at org.springframework.batch.core.step.item.SimpleChunkProvider.provide(SimpleChunkProvider.java:110)\n	at org.springframework.batch.core.step.item.ChunkOrientedTasklet.execute(ChunkOrientedTasklet.java:69)\n	at org.springframework.batch.core.step.tasklet.TaskletStep$ChunkTransactionCallback.doInTransaction(TaskletStep.java:406)\n	at org.springframework.batch.core.step.tasklet.TaskletStep$ChunkTransactionCallback.doInTransaction(TaskletStep.java:330)\n	at org.springframework.transaction.support.TransactionTemplate.execute(TransactionTemplate.java:133)\n	at org.springframework.batch.core.step.tasklet.TaskletStep$2.doInChunkContext(TaskletStep.java:272)\n	at org.springframework.batch.core.scope.context.StepContextRepeatCallback.doInIteration(StepContextRepeatCallback.java:81)\n	at org.springframework.batch.repeat.support.RepeatTemplate.getNextResult(RepeatTemplate.java:374)\n	at org.springframework.batch.repeat.support.RepeatTemplate.executeInternal(RepeatTemplate.java:215)\n	at org.springframework.batch.repeat.support.RepeatTemplate.iterate(RepeatTemplate.java:144)\n	at org.springframework.batch.core.step.tasklet.TaskletStep.doExecute(TaskletStep.java:257)\n	at org.springframework.batch.core.step.AbstractStep.execute(AbstractStep.java:200)\n	at org.springframework.batch.core.job.SimpleStepHandler.handleStep(SimpleStepHandler.java:148)\n	at org.springframework.batch.core.job.flow.JobFlowExecutor.exe','2017-12-06 15:32:28');

/*Table structure for table `batch_step_execution_context` */

DROP TABLE IF EXISTS `batch_step_execution_context`;

CREATE TABLE `batch_step_execution_context` (
  `STEP_EXECUTION_ID` bigint(20) NOT NULL,
  `SHORT_CONTEXT` varchar(2500) NOT NULL,
  `SERIALIZED_CONTEXT` text,
  PRIMARY KEY (`STEP_EXECUTION_ID`),
  CONSTRAINT `STEP_EXEC_CTX_FK` FOREIGN KEY (`STEP_EXECUTION_ID`) REFERENCES `batch_step_execution` (`STEP_EXECUTION_ID`)
) ENGINE=InnoDB DEFAULT CHARSET=utf8;

/*Data for the table `batch_step_execution_context` */

insert  into `batch_step_execution_context`(`STEP_EXECUTION_ID`,`SHORT_CONTEXT`,`SERIALIZED_CONTEXT`) values (1,'{\"map\":[{\"entry\":[{\"string\":[\"batch.taskletType\",\"org.springframework.batch.core.step.item.ChunkOrientedTasklet\"]},{\"string\":\"FlatFileItemReader.read.count\",\"int\":0},{\"string\":[\"batch.stepType\",\"org.springframework.batch.core.step.tasklet.TaskletStep\"]}]}]}',NULL),(2,'{\"map\":[{\"entry\":[{\"string\":[\"batch.taskletType\",\"org.springframework.batch.core.step.item.ChunkOrientedTasklet\"]},{\"string\":\"FlatFileItemReader.read.count\",\"int\":0},{\"string\":[\"batch.stepType\",\"org.springframework.batch.core.step.tasklet.TaskletStep\"]}]}]}',NULL),(3,'{\"map\":[{\"entry\":[{\"string\":[\"batch.taskletType\",\"org.springframework.batch.core.step.item.ChunkOrientedTasklet\"]},{\"string\":\"FlatFileItemReader.read.count\",\"int\":0},{\"string\":[\"batch.stepType\",\"org.springframework.batch.core.step.tasklet.TaskletStep\"]}]}]}',NULL),(4,'{\"map\":[{\"entry\":[{\"string\":[\"batch.taskletType\",\"org.springframework.batch.core.step.item.ChunkOrientedTasklet\"]},{\"string\":\"FlatFileItemReader.read.count\",\"int\":0},{\"string\":[\"batch.stepType\",\"org.springframework.batch.core.step.tasklet.TaskletStep\"]}]}]}',NULL),(5,'{\"map\":[{\"entry\":[{\"string\":[\"batch.taskletType\",\"org.springframework.batch.core.step.item.ChunkOrientedTasklet\"]},{\"string\":\"FlatFileItemReader.read.count\",\"int\":0},{\"string\":[\"batch.stepType\",\"org.springframework.batch.core.step.tasklet.TaskletStep\"]}]}]}',NULL),(6,'{\"map\":[{\"entry\":[{\"string\":[\"batch.taskletType\",\"org.springframework.batch.core.step.item.ChunkOrientedTasklet\"]},{\"string\":\"FlatFileItemReader.read.count\",\"int\":6767},{\"string\":[\"batch.stepType\",\"org.springframework.batch.core.step.tasklet.TaskletStep\"]}]}]}',NULL),(7,'{\"map\":[{\"entry\":[{\"string\":[\"batch.taskletType\",\"org.springframework.batch.core.step.item.ChunkOrientedTasklet\"]},{\"string\":\"FlatFileItemReader.read.count\",\"int\":6767},{\"string\":[\"batch.stepType\",\"org.springframework.batch.core.step.tasklet.TaskletStep\"]}]}]}',NULL),(8,'{\"map\":[{\"entry\":[{\"string\":[\"batch.taskletType\",\"org.springframework.batch.core.step.item.ChunkOrientedTasklet\"]},{\"string\":\"FlatFileItemReader.read.count\",\"int\":6767},{\"string\":[\"batch.stepType\",\"org.springframework.batch.core.step.tasklet.TaskletStep\"]}]}]}',NULL),(9,'{\"map\":[{\"entry\":[{\"string\":[\"batch.taskletType\",\"org.springframework.batch.core.step.item.ChunkOrientedTasklet\"]},{\"string\":\"FlatFileItemReader.read.count\",\"int\":6767},{\"string\":[\"batch.stepType\",\"org.springframework.batch.core.step.tasklet.TaskletStep\"]}]}]}',NULL),(10,'{\"map\":[{\"entry\":[{\"string\":[\"batch.taskletType\",\"org.springframework.batch.core.step.item.ChunkOrientedTasklet\"]},{\"string\":\"FlatFileItemReader.read.count\",\"int\":6767},{\"string\":[\"batch.stepType\",\"org.springframework.batch.core.step.tasklet.TaskletStep\"]}]}]}',NULL),(11,'{\"map\":[{\"entry\":[{\"string\":[\"batch.taskletType\",\"org.springframework.batch.core.step.item.ChunkOrientedTasklet\"]},{\"string\":\"FlatFileItemReader.read.count\",\"int\":6767},{\"string\":[\"batch.stepType\",\"org.springframework.batch.core.step.tasklet.TaskletStep\"]}]}]}',NULL),(12,'{\"map\":[{\"entry\":[{\"string\":[\"batch.taskletType\",\"org.springframework.batch.core.step.item.ChunkOrientedTasklet\"]},{\"string\":\"FlatFileItemReader.read.count\",\"int\":6767},{\"string\":[\"batch.stepType\",\"org.springframework.batch.core.step.tasklet.TaskletStep\"]}]}]}',NULL),(13,'{\"map\":[\"\"]}',NULL),(14,'{\"map\":[\"\"]}',NULL),(15,'{\"map\":[\"\"]}',NULL),(16,'{\"map\":[\"\"]}',NULL),(17,'{\"map\":[{\"entry\":[{\"string\":[\"batch.taskletType\",\"org.springframework.batch.core.step.item.ChunkOrientedTasklet\"]},{\"string\":\"FlatFileItemReader.read.count\",\"int\":687},{\"string\":[\"batch.stepType\",\"org.springframework.batch.core.step.tasklet.TaskletStep\"]}]}]}',NULL),(18,'{\"map\":[{\"entry\":[{\"string\":[\"batch.taskletType\",\"org.springframework.batch.core.step.item.ChunkOrientedTasklet\"]},{\"string\":\"FlatFileItemReader.read.count\",\"int\":28},{\"string\":[\"batch.stepType\",\"org.springframework.batch.core.step.tasklet.TaskletStep\"]}]}]}',NULL),(19,'{\"map\":[{\"entry\":[{\"string\":[\"batch.taskletType\",\"org.springframework.batch.core.step.item.ChunkOrientedTasklet\"]},{\"string\":\"FlatFileItemReader.read.count\",\"int\":28},{\"string\":[\"batch.stepType\",\"org.springframework.batch.core.step.tasklet.TaskletStep\"]}]}]}',NULL),(20,'{\"map\":[{\"entry\":[{\"string\":[\"batch.taskletType\",\"org.springframework.batch.core.step.item.ChunkOrientedTasklet\"]},{\"string\":\"FlatFileItemReader.read.count\",\"int\":687},{\"string\":[\"batch.stepType\",\"org.springframework.batch.core.step.tasklet.TaskletStep\"]}]}]}',NULL),(21,'{\"map\":[{\"entry\":[{\"string\":[\"batch.taskletType\",\"org.springframework.batch.core.step.item.ChunkOrientedTasklet\"]},{\"string\":\"FlatFileItemReader.read.count\",\"int\":687},{\"string\":[\"batch.stepType\",\"org.springframework.batch.core.step.tasklet.TaskletStep\"]}]}]}',NULL),(22,'{\"map\":[{\"entry\":[{\"string\":[\"batch.taskletType\",\"org.springframework.batch.core.step.item.ChunkOrientedTasklet\"]},{\"string\":\"FlatFileItemReader.read.count\",\"int\":687},{\"string\":[\"batch.stepType\",\"org.springframework.batch.core.step.tasklet.TaskletStep\"]}]}]}',NULL),(23,'{\"map\":[{\"entry\":[{\"string\":[\"batch.taskletType\",\"org.springframework.batch.core.step.item.ChunkOrientedTasklet\"]},{\"string\":\"FlatFileItemReader.read.count\",\"int\":687},{\"string\":[\"batch.stepType\",\"org.springframework.batch.core.step.tasklet.TaskletStep\"]}]}]}',NULL),(24,'{\"map\":[{\"entry\":[{\"string\":[\"batch.taskletType\",\"org.springframework.batch.core.step.item.ChunkOrientedTasklet\"]},{\"string\":\"FlatFileItemReader.read.count\",\"int\":687},{\"string\":[\"batch.stepType\",\"org.springframework.batch.core.step.tasklet.TaskletStep\"]}]}]}',NULL),(25,'{\"map\":[{\"entry\":[{\"string\":[\"batch.taskletType\",\"org.springframework.batch.core.step.item.ChunkOrientedTasklet\"]},{\"string\":\"FlatFileItemReader.read.count\",\"int\":687},{\"string\":[\"batch.stepType\",\"org.springframework.batch.core.step.tasklet.TaskletStep\"]}]}]}',NULL),(26,'{\"map\":[{\"entry\":[{\"string\":[\"batch.taskletType\",\"org.springframework.batch.core.step.item.ChunkOrientedTasklet\"]},{\"string\":\"FlatFileItemReader.read.count\",\"int\":166},{\"string\":[\"batch.stepType\",\"org.springframework.batch.core.step.tasklet.TaskletStep\"]}]}]}',NULL),(27,'{\"map\":[{\"entry\":[{\"string\":[\"batch.taskletType\",\"org.springframework.batch.core.step.item.ChunkOrientedTasklet\"]},{\"string\":\"FlatFileItemReader.read.count\",\"int\":166},{\"string\":[\"batch.stepType\",\"org.springframework.batch.core.step.tasklet.TaskletStep\"]}]}]}',NULL),(28,'{\"map\":[{\"entry\":[{\"string\":[\"batch.taskletType\",\"org.springframework.batch.core.step.item.ChunkOrientedTasklet\"]},{\"string\":\"FlatFileItemReader.read.count\",\"int\":166},{\"string\":[\"batch.stepType\",\"org.springframework.batch.core.step.tasklet.TaskletStep\"]}]}]}',NULL),(29,'{\"map\":[{\"entry\":[{\"string\":[\"batch.taskletType\",\"org.springframework.batch.core.step.item.ChunkOrientedTasklet\"]},{\"string\":\"FlatFileItemReader.read.count\",\"int\":687},{\"string\":[\"batch.stepType\",\"org.springframework.batch.core.step.tasklet.TaskletStep\"]}]}]}',NULL),(30,'{\"map\":[{\"entry\":[{\"string\":[\"batch.taskletType\",\"org.springframework.batch.core.step.item.ChunkOrientedTasklet\"]},{\"string\":\"FlatFileItemReader.read.count\",\"int\":687},{\"string\":[\"batch.stepType\",\"org.springframework.batch.core.step.tasklet.TaskletStep\"]}]}]}',NULL),(31,'{\"map\":[{\"entry\":[{\"string\":[\"batch.taskletType\",\"org.springframework.batch.core.step.item.ChunkOrientedTasklet\"]},{\"string\":\"FlatFileItemReader.read.count\",\"int\":166},{\"string\":[\"batch.stepType\",\"org.springframework.batch.core.step.tasklet.TaskletStep\"]}]}]}',NULL),(32,'{\"map\":[{\"entry\":[{\"string\":[\"batch.taskletType\",\"org.springframework.batch.core.step.item.ChunkOrientedTasklet\"]},{\"string\":\"FlatFileItemReader.read.count\",\"int\":687},{\"string\":[\"batch.stepType\",\"org.springframework.batch.core.step.tasklet.TaskletStep\"]}]}]}',NULL),(33,'{\"map\":[{\"entry\":[{\"string\":[\"batch.taskletType\",\"org.springframework.batch.core.step.item.ChunkOrientedTasklet\"]},{\"string\":\"FlatFileItemReader.read.count\",\"int\":687},{\"string\":[\"batch.stepType\",\"org.springframework.batch.core.step.tasklet.TaskletStep\"]}]}]}',NULL),(34,'{\"map\":[{\"entry\":[{\"string\":[\"batch.taskletType\",\"org.springframework.batch.core.step.item.ChunkOrientedTasklet\"]},{\"string\":\"FlatFileItemReader.read.count\",\"int\":687},{\"string\":[\"batch.stepType\",\"org.springframework.batch.core.step.tasklet.TaskletStep\"]}]}]}',NULL),(35,'{\"map\":[{\"entry\":[{\"string\":[\"batch.taskletType\",\"org.springframework.batch.core.step.item.ChunkOrientedTasklet\"]},{\"string\":\"FlatFileItemReader.read.count\",\"int\":687},{\"string\":[\"batch.stepType\",\"org.springframework.batch.core.step.tasklet.TaskletStep\"]}]}]}',NULL),(36,'{\"map\":[{\"entry\":[{\"string\":[\"batch.taskletType\",\"org.springframework.batch.core.step.item.ChunkOrientedTasklet\"]},{\"string\":\"FlatFileItemReader.read.count\",\"int\":687},{\"string\":[\"batch.stepType\",\"org.springframework.batch.core.step.tasklet.TaskletStep\"]}]}]}',NULL),(37,'{\"map\":[{\"entry\":[{\"string\":[\"batch.taskletType\",\"org.springframework.batch.core.step.item.ChunkOrientedTasklet\"]},{\"string\":\"FlatFileItemReader.read.count\",\"int\":687},{\"string\":[\"batch.stepType\",\"org.springframework.batch.core.step.tasklet.TaskletStep\"]}]}]}',NULL),(38,'{\"map\":[{\"entry\":[{\"string\":[\"batch.taskletType\",\"org.springframework.batch.core.step.item.ChunkOrientedTasklet\"]},{\"string\":\"FlatFileItemReader.read.count\",\"int\":166},{\"string\":[\"batch.stepType\",\"org.springframework.batch.core.step.tasklet.TaskletStep\"]}]}]}',NULL),(39,'{\"map\":[{\"entry\":[{\"string\":[\"batch.taskletType\",\"org.springframework.batch.core.step.item.ChunkOrientedTasklet\"]},{\"string\":\"FlatFileItemReader.read.count\",\"int\":687},{\"string\":[\"batch.stepType\",\"org.springframework.batch.core.step.tasklet.TaskletStep\"]}]}]}',NULL),(40,'{\"map\":[{\"entry\":[{\"string\":[\"batch.taskletType\",\"org.springframework.batch.core.step.item.ChunkOrientedTasklet\"]},{\"string\":\"FlatFileItemReader.read.count\",\"int\":166},{\"string\":[\"batch.stepType\",\"org.springframework.batch.core.step.tasklet.TaskletStep\"]}]}]}',NULL),(41,'{\"map\":[{\"entry\":[{\"string\":[\"batch.taskletType\",\"org.springframework.batch.core.step.item.ChunkOrientedTasklet\"]},{\"string\":\"FlatFileItemReader.read.count\",\"int\":687},{\"string\":[\"batch.stepType\",\"org.springframework.batch.core.step.tasklet.TaskletStep\"]}]}]}',NULL),(42,'{\"map\":[{\"entry\":[{\"string\":[\"batch.taskletType\",\"org.springframework.batch.core.step.item.ChunkOrientedTasklet\"]},{\"string\":\"FlatFileItemReader.read.count\",\"int\":166},{\"string\":[\"batch.stepType\",\"org.springframework.batch.core.step.tasklet.TaskletStep\"]}]}]}',NULL),(43,'{\"map\":[{\"entry\":[{\"string\":[\"batch.taskletType\",\"org.springframework.batch.core.step.item.ChunkOrientedTasklet\"]},{\"string\":\"FlatFileItemReader.read.count\",\"int\":687},{\"string\":[\"batch.stepType\",\"org.springframework.batch.core.step.tasklet.TaskletStep\"]}]}]}',NULL),(44,'{\"map\":[{\"entry\":[{\"string\":[\"batch.taskletType\",\"org.springframework.batch.core.step.item.ChunkOrientedTasklet\"]},{\"string\":\"FlatFileItemReader.read.count\",\"int\":687},{\"string\":[\"batch.stepType\",\"org.springframework.batch.core.step.tasklet.TaskletStep\"]}]}]}',NULL),(45,'{\"map\":[{\"entry\":[{\"string\":[\"batch.taskletType\",\"org.springframework.batch.core.step.item.ChunkOrientedTasklet\"]},{\"string\":\"FlatFileItemReader.read.count\",\"int\":166},{\"string\":[\"batch.stepType\",\"org.springframework.batch.core.step.tasklet.TaskletStep\"]}]}]}',NULL),(46,'{\"map\":[{\"entry\":[{\"string\":[\"batch.taskletType\",\"org.springframework.batch.core.step.item.ChunkOrientedTasklet\"]},{\"string\":\"FlatFileItemReader.read.count\",\"int\":28},{\"string\":[\"batch.stepType\",\"org.springframework.batch.core.step.tasklet.TaskletStep\"]}]}]}',NULL),(47,'{\"map\":[{\"entry\":[{\"string\":[\"batch.taskletType\",\"org.springframework.batch.core.step.item.ChunkOrientedTasklet\"]},{\"string\":\"FlatFileItemReader.read.count\",\"int\":687},{\"string\":[\"batch.stepType\",\"org.springframework.batch.core.step.tasklet.TaskletStep\"]}]}]}',NULL),(48,'{\"map\":[{\"entry\":[{\"string\":[\"batch.taskletType\",\"org.springframework.batch.core.step.item.ChunkOrientedTasklet\"]},{\"string\":\"FlatFileItemReader.read.count\",\"int\":28},{\"string\":[\"batch.stepType\",\"org.springframework.batch.core.step.tasklet.TaskletStep\"]}]}]}',NULL),(49,'{\"map\":[{\"entry\":[{\"string\":[\"batch.taskletType\",\"org.springframework.batch.core.step.item.ChunkOrientedTasklet\"]},{\"string\":\"FlatFileItemReader.read.count\",\"int\":34},{\"string\":[\"batch.stepType\",\"org.springframework.batch.core.step.tasklet.TaskletStep\"]}]}]}',NULL),(50,'{\"map\":[{\"entry\":[{\"string\":[\"batch.taskletType\",\"org.springframework.batch.core.step.item.ChunkOrientedTasklet\"]},{\"string\":\"FlatFileItemReader.read.count\",\"int\":519},{\"string\":[\"batch.stepType\",\"org.springframework.batch.core.step.tasklet.TaskletStep\"]}]}]}',NULL),(51,'{\"map\":[{\"entry\":[{\"string\":[\"batch.taskletType\",\"org.springframework.batch.core.step.item.ChunkOrientedTasklet\"]},{\"string\":\"FlatFileItemReader.read.count\",\"int\":921},{\"string\":[\"batch.stepType\",\"org.springframework.batch.core.step.tasklet.TaskletStep\"]}]}]}',NULL),(52,'{\"map\":[{\"entry\":[{\"string\":[\"batch.taskletType\",\"org.springframework.batch.core.step.item.ChunkOrientedTasklet\"]},{\"string\":\"FlatFileItemReader.read.count\",\"int\":6767},{\"string\":[\"batch.stepType\",\"org.springframework.batch.core.step.tasklet.TaskletStep\"]}]}]}',NULL),(53,'{\"map\":[{\"entry\":[{\"string\":[\"batch.taskletType\",\"org.springframework.batch.core.step.item.ChunkOrientedTasklet\"]},{\"string\":\"FlatFileItemReader.read.count\",\"int\":0},{\"string\":[\"batch.stepType\",\"org.springframework.batch.core.step.tasklet.TaskletStep\"]}]}]}',NULL),(54,'{\"map\":[{\"entry\":[{\"string\":[\"batch.taskletType\",\"org.springframework.batch.core.step.item.ChunkOrientedTasklet\"]},{\"string\":\"FlatFileItemReader.read.count\",\"int\":467},{\"string\":[\"batch.stepType\",\"org.springframework.batch.core.step.tasklet.TaskletStep\"]}]}]}',NULL),(55,'{\"map\":[{\"entry\":[{\"string\":[\"batch.taskletType\",\"org.springframework.batch.core.step.item.ChunkOrientedTasklet\"]},{\"string\":\"FlatFileItemReader.read.count\",\"int\":687},{\"string\":[\"batch.stepType\",\"org.springframework.batch.core.step.tasklet.TaskletStep\"]}]}]}',NULL),(56,'{\"map\":[{\"entry\":[{\"string\":[\"batch.taskletType\",\"org.springframework.batch.core.step.item.ChunkOrientedTasklet\"]},{\"string\":\"FlatFileItemReader.read.count\",\"int\":0},{\"string\":[\"batch.stepType\",\"org.springframework.batch.core.step.tasklet.TaskletStep\"]}]}]}',NULL);

/*Table structure for table `batch_step_execution_seq` */

DROP TABLE IF EXISTS `batch_step_execution_seq`;

CREATE TABLE `batch_step_execution_seq` (
  `ID` bigint(20) NOT NULL,
  `UNIQUE_KEY` char(1) NOT NULL,
  UNIQUE KEY `UNIQUE_KEY_UN` (`UNIQUE_KEY`)
) ENGINE=InnoDB DEFAULT CHARSET=utf8;

/*Data for the table `batch_step_execution_seq` */

insert  into `batch_step_execution_seq`(`ID`,`UNIQUE_KEY`) values (56,'0');

/*Table structure for table `persistent_logins` */

DROP TABLE IF EXISTS `persistent_logins`;

CREATE TABLE `persistent_logins` (
  `username` varchar(64) NOT NULL,
  `series` varchar(64) NOT NULL,
  `token` varchar(64) NOT NULL,
  `last_used` timestamp NOT NULL DEFAULT CURRENT_TIMESTAMP ON UPDATE CURRENT_TIMESTAMP,
  PRIMARY KEY (`series`)
) ENGINE=InnoDB DEFAULT CHARSET=utf8;

/*Data for the table `persistent_logins` */

insert  into `persistent_logins`(`username`,`series`,`token`,`last_used`) values ('hds','M1N1J6111HmCNW7cPdlUJA==','A5wXhRO+Xp77j4rBVECt0Q==','2017-10-27 16:33:32');

/*Table structure for table `ship` */

DROP TABLE IF EXISTS `ship`;

CREATE TABLE `ship` (
  `id` int(11) NOT NULL AUTO_INCREMENT,
  `ship_image` varchar(255) DEFAULT NULL,
  `ship_name` varchar(255) DEFAULT NULL,
  `ship_number` varchar(255) DEFAULT NULL,
  PRIMARY KEY (`id`)
) ENGINE=InnoDB AUTO_INCREMENT=7 DEFAULT CHARSET=utf8;

/*Data for the table `ship` */

insert  into `ship`(`id`,`ship_image`,`ship_name`,`ship_number`) values (1,'../../assets/images/ship.jpg','test01','01'),(2,'../../assets/images/ship2.jpg','test02','02'),(3,'../../assets/images/ship.jpg','test03','03'),(4,'../../assets/images/ship.jpg','test04','04'),(5,'../../assets/images/ship.jpg','test05','05'),(6,'../../assets/images/ship.jpg','test06','06');

/*Table structure for table `user` */

DROP TABLE IF EXISTS `user`;

CREATE TABLE `user` (
  `id` int(11) NOT NULL AUTO_INCREMENT,
  `email` varchar(255) DEFAULT NULL,
  `password` varchar(255) DEFAULT NULL,
  `role` varchar(255) DEFAULT NULL,
  `username` varchar(255) NOT NULL,
  PRIMARY KEY (`id`)
) ENGINE=InnoDB AUTO_INCREMENT=6 DEFAULT CHARSET=utf8;

/*Data for the table `user` */

insert  into `user`(`id`,`email`,`password`,`role`,`username`) values (1,'hecun93@163.com','$2a$10$Gd1b4jgZjKEKbMPyKeXspuWdJBTNbKa2TS/C/YcZS/w0.QIhopLKG','super-admin','hds'),(2,'t@t.com','$2a$10$LxjR4WAo9XJUR9rS9hTp5O8L1S2WRCtyu3Q/7TAADFiRCluHjLbm6','athlete','test1'),(3,'t@t.com','$2a$10$0DdWNH/wTMpnT.p6UjKo9u5uCuTUuU13KXVAhu/qzGRyRC3zGbcTG','athlete','test2'),(4,'t@t.com','$2a$10$xOrag18Kbc43xvoU7K0WxODH95txGR9UtvvXpl9TK9Mxfm2JPS.sm','admin','test3'),(5,'t@t.com','$2a$10$kY8TxeWzCLpM/pJkihXQTuQMAdw7rA3ZPG7OLxLTZB5UKxU3X/.a.','admin','test4');

/*!40101 SET SQL_MODE=@OLD_SQL_MODE */;
/*!40014 SET FOREIGN_KEY_CHECKS=@OLD_FOREIGN_KEY_CHECKS */;
/*!40014 SET UNIQUE_CHECKS=@OLD_UNIQUE_CHECKS */;
/*!40111 SET SQL_NOTES=@OLD_SQL_NOTES */;
